rate,candidate,fixture,relative_rms_error,peak_normalized_error,spectral_magnitude_relative_error,finite,reference_convergence_relative_rms,reference_qualified,python_wall_seconds
44100,lagrange3,impulse,0.46050312569534796,0.30764075459178214,0.10427874610531172,True,2.7824898564862867e-05,True,0.005030700005590916
44100,lagrange3,broadband,0.31132340675601744,0.5893862294578426,0.19070027913858476,True,3.920942807885284e-06,True,0.005252100003417581
44100,lagrange3,transient,0.0435633012826759,0.10382105564196425,0.0315235774888006,True,5.3633353965491284e-08,True,0.005106099997647107
44100,lagrange3,multitone,0.17878835174528654,0.2969275082009277,0.1312693949567814,True,0.0,True,0.00525970000308007
44100,lagrange3,sine4000,0.002066230244227693,0.0042523201662027325,0.0013393182176107432,True,0.0,True,0.004949099995428696
44100,lagrange3,sine8000,0.030140040825168926,0.06170532864256431,0.014846915985929411,True,0.0,True,0.004350100003648549
44100,lagrange3,sine12000,0.1306530593043945,0.2647872834004838,0.06241637340892865,True,0.0,True,0.005659899994498119
44100,lagrange3,sine16000,0.3314817931847557,0.6616396659717397,0.25435948335755415,True,0.0,True,0.00453080001170747
44100,lagrange7,impulse,1.6434116915439219,1.143374959706265,1.5254313826913837,True,2.7824898564862867e-05,True,0.013195400009863079
44100,lagrange7,broadband,1.2001671667197085,2.5858798016194418,0.9601774323494515,True,3.920942807885284e-06,True,0.013169499987270683
44100,lagrange7,transient,0.03850604822668891,0.34578557199105386,0.03559789899065796,True,5.3633353965491284e-08,True,0.014037600019946694
44100,lagrange7,multitone,0.5164758327662811,0.9104463427741267,0.44457408770979884,True,0.0,True,0.012297500012209639
44100,lagrange7,sine4000,6.415549978223647e-05,0.00016112938289237577,3.388765558088615e-05,True,0.0,True,0.013177699991501868
44100,lagrange7,sine8000,0.012482074886446965,0.031162415543698356,0.011170553647361145,True,0.0,True,0.012453400006052107
44100,lagrange7,sine12000,0.20036895494732748,0.4947669798189827,0.13120725009192624,True,0.0,True,0.012877300003310665
44100,lagrange7,sine16000,1.0134234126867396,2.4581325294828256,0.8796709461268496,True,0.0,True,0.012427999987266958
44100,lagrange15,impulse,84.51168175249133,53.843808500668715,84.16040771833477,True,2.7824898564862867e-05,True,0.0552767000044696
44100,lagrange15,broadband,75.3809398494535,213.034835813787,75.02658913891892,True,3.920942807885284e-06,True,0.06220919999759644
44100,lagrange15,transient,1.6866265392281492,14.632702342973348,1.6765377782433661,True,5.3633353965491284e-08,True,0.051442099997075275
44100,lagrange15,multitone,18.245710590897932,33.75399657007223,17.62196657468038,True,0.0,True,0.05914910000865348
44100,lagrange15,sine4000,2.2220769190313466e-07,6.484422322327072e-07,1.5246215327114774e-07,True,0.0,True,0.05050059998757206
44100,lagrange15,sine8000,0.007786018897010232,0.0226447376605262,0.002440189428218835,True,0.0,True,0.043625299993436784
44100,lagrange15,sine12000,1.7515926450093744,5.0560385670536006,1.5378211861003852,True,0.0,True,0.04764730000169948
44100,lagrange15,sine16000,36.452891878711796,104.3682552887451,35.214653092300935,True,0.0,True,0.043442900001537055
44100,farrow7-fir32,impulse,2.1231700389210197,0.6877779008830524,2.0635743732993554,True,2.7824898564862867e-05,True,0.011240699997870252
44100,farrow7-fir32,broadband,1.7162685005557414,2.6355372488915627,1.5857534236366653,True,3.920942807885284e-06,True,0.011612400005105883
44100,farrow7-fir32,transient,0.05476845542271226,0.19210192448496763,0.04291210350696568,True,5.3633353965491284e-08,True,0.01112079998711124
44100,farrow7-fir32,multitone,0.03945578499562329,0.0675426914623309,0.02921989148018635,True,0.0,True,0.011473699996713549
44100,farrow7-fir32,sine4000,0.030958814142791845,0.05022866594883719,0.021753337228183123,True,0.0,True,0.011283100000582635
44100,farrow7-fir32,sine8000,0.03346440067565863,0.05432342901455581,0.010571604415469905,True,0.0,True,0.012179599987575784
44100,farrow7-fir32,sine12000,0.039023388139812244,0.06345081150347957,0.02954288660272023,True,0.0,True,0.012135299999499694
44100,farrow7-fir32,sine16000,0.05123490913301814,0.0834998201713167,0.04422092274859843,True,0.0,True,0.011972500011324883
44100,vfd-ls32,impulse,2.1231667261209397,0.6877769541598894,2.0635709902321007,True,2.7824898564862867e-05,True,0.007858700002543628
44100,vfd-ls32,broadband,1.7162613901587045,2.6355278374765088,1.5857465294184894,True,3.920942807885284e-06,True,0.007346800004597753
44100,vfd-ls32,transient,0.05476850915299343,0.1921016205961974,0.04291215369697119,True,5.3633353965491284e-08,True,0.00732360000256449
44100,vfd-ls32,multitone,0.03945610915994459,0.0675427138231549,0.029220435085355812,True,0.0,True,0.007875499984947965
44100,vfd-ls32,sine4000,0.030958606477949728,0.05022841016045925,0.0217531470951779,True,0.0,True,0.007258500001626089
44100,vfd-ls32,sine8000,0.033464272321912014,0.05432341178444867,0.010571615226848803,True,0.0,True,0.006840699992608279
44100,vfd-ls32,sine12000,0.039023837131995254,0.0634509392357379,0.029543595610132926,True,0.0,True,0.0073887000035028905
44100,vfd-ls32,sine16000,0.05123578219524309,0.08350164933488181,0.044221984610724116,True,0.0,True,0.006893299985677004
44100,vfd-ls64,impulse,80.2267213446541,22.736034406991692,80.13737598246576,True,2.7824898564862867e-05,True,0.01266929999110289
44100,vfd-ls64,broadband,72.71683377778898,104.32665777116738,72.64645203272228,True,3.920942807885284e-06,True,0.01407959999050945
44100,vfd-ls64,transient,1.5720097114455176,5.632638543232932,1.5685910772367044,True,5.3633353965491284e-08,True,0.013396499998634681
44100,vfd-ls64,multitone,0.01599137788264756,0.02797771266612981,0.008910308591058921,True,0.0,True,0.012118499987991527
44100,vfd-ls64,sine4000,0.013340748074988279,0.021546658176942603,0.007839438917205286,True,0.0,True,0.0122929000062868
44100,vfd-ls64,sine8000,0.013742169249857512,0.022193112270806604,0.006717542086330267,True,0.0,True,0.012662099994486198
44100,vfd-ls64,sine12000,0.015220716999474812,0.02461597601112842,0.013380803544138503,True,0.0,True,0.012100499996449798
44100,vfd-ls64,sine16000,0.02060134629501032,0.03339472664654939,0.005656404885442951,True,0.0,True,0.012454100011382252
44100,sinc129-noncausal-control,impulse,0.06585447299791355,0.0061853709331944375,0.048581241549481034,True,2.7824898564862867e-05,True,0.10173920000670478
44100,sinc129-noncausal-control,broadband,0.046749356576252184,0.06789242966662203,0.03610129281453097,True,3.920942807885284e-06,True,0.0814560999860987
44100,sinc129-noncausal-control,transient,0.00135680070985552,0.0016315719049309221,0.000895375424127418,True,5.3633353965491284e-08,True,0.06635670000105165
44100,sinc129-noncausal-control,multitone,1.4639430156552564e-06,1.6857817087509535e-06,1.2130587871275744e-06,True,0.0,True,0.07203449998633005
44100,sinc129-noncausal-control,sine4000,2.1804198236580248e-07,4.2960954802828253e-07,2.0382895814309197e-07,True,0.0,True,0.07239770001615398
44100,sinc129-noncausal-control,sine8000,1.0148498747196069e-06,1.9758758692423713e-06,9.407575429689451e-07,True,0.0,True,0.07535640001879074
44100,sinc129-noncausal-control,sine12000,2.4437038211247122e-06,4.392965437990149e-06,1.992236159648308e-06,True,0.0,True,0.07615899998927489
44100,sinc129-noncausal-control,sine16000,1.2349105415503317e-06,1.770106965109748e-06,9.97306832576852e-07,True,0.0,True,0.07921679998980835
48000,lagrange3,impulse,0.3948939941522012,0.24405601316783324,0.10940271532066762,True,3.404323791289585e-05,True,0.006723400001646951
48000,lagrange3,broadband,0.32028874963684084,0.5884239341915315,0.2100300440574162,True,2.569981371458344e-05,True,0.004783200012752786
48000,lagrange3,transient,0.02655356319029122,0.07899623303826966,0.020712597608183805,True,5.7431358094888775e-08,True,0.009216299979016185
48000,lagrange3,multitone,0.13915094941010597,0.2244039823124619,0.07372193634227282,True,0.0,True,0.016284800018183887
48000,lagrange3,sine4000,0.001489812022173985,0.003015342023066437,0.0009944608439149756,True,0.0,True,0.01673639999353327
48000,lagrange3,sine8000,0.022080178929098956,0.04361579675611666,0.010287676291764346,True,0.0,True,0.015898499987088144
48000,lagrange3,sine12000,0.09833827310465497,0.18075828958250564,0.05915571280872488,True,0.0,True,0.014714099990669638
48000,lagrange3,sine16000,0.2593871847015377,0.5128007724728443,0.13467679695714577,True,0.0,True,0.020771600014995784
48000,lagrange7,impulse,1.3479185111806358,0.8731268994808505,1.2589010547053199,True,3.404323791289585e-05,True,0.014737699995748699
48000,lagrange7,broadband,1.1599925490320666,2.539653573505892,0.892742225479983,True,2.569981371458344e-05,True,0.01649159999215044
48000,lagrange7,transient,0.024728623268130818,0.2569384575978774,0.02258460568300136,True,5.7431358094888775e-08,True,0.026738099986687303
48000,lagrange7,multitone,0.31677434000322974,0.566962466781208,0.29162239025492187,True,0.0,True,0.022964200004935265
48000,lagrange7,sine4000,3.121068195363981e-05,8.279041880999318e-05,1.366699709317196e-05,True,0.0,True,0.023583500005770475
48000,lagrange7,sine8000,0.006343827159758657,0.01558915113512743,0.0060178268591011995,True,0.0,True,0.025523000018438324
48000,lagrange7,sine12000,0.10989459781116219,0.28214672065554114,0.06609357671850696,True,0.0,True,0.015244000009261072
48000,lagrange7,sine16000,0.6237964690451197,1.5375733331755717,0.5794490371828388,True,0.0,True,0.027017699991120026
48000,lagrange15,impulse,65.76961895356163,39.23118619752199,65.4039792662364,True,3.404323791289585e-05,True,0.12048819998744875
48000,lagrange15,broadband,72.4479749397138,174.9607602770831,72.1063323326363,True,2.569981371458344e-05,True,0.09902429999783635
48000,lagrange15,transient,1.0948284735606086,10.500310044358741,1.0860769191737134,True,5.7431358094888775e-08,True,0.10219939998933114
48000,lagrange15,multitone,7.7956099444080875,13.912693557441944,7.51231640991061,True,0.0,True,0.1265745999990031
48000,lagrange15,sine4000,5.559724879079565e-08,1.7256843508137613e-07,4.666065220408372e-08,True,0.0,True,0.13192449999041855
48000,lagrange15,sine8000,0.0021504173138899084,0.005985560666948008,0.001273948614486153,True,0.0,True,0.12006069999188185
48000,lagrange15,sine12000,0.5752428018119354,1.7645730424167694,0.42754787786194204,True,0.0,True,0.09301059998688288
48000,lagrange15,sine16000,15.578713531754298,43.201673546650035,15.016848275180271,True,0.0,True,0.09451590001117438
48000,farrow7-fir32,impulse,1.8095516392180766,0.5488798128022934,1.7549816000895497,True,3.404323791289585e-05,True,0.028208000003360212
48000,farrow7-fir32,broadband,1.9141896462192416,3.2568832908797463,1.7763896704533282,True,2.569981371458344e-05,True,0.02932669999427162
48000,farrow7-fir32,transient,0.03523752931872794,0.15577298300404172,0.029308928737811143,True,5.7431358094888775e-08,True,0.0270330999919679
48000,farrow7-fir32,multitone,0.03816046146460433,0.052693184327575165,0.027699537395977154,True,0.0,True,0.03187950002029538
48000,farrow7-fir32,sine4000,0.03172325954412271,0.04367512820822227,0.0194390740683945,True,0.0,True,0.027499099989654496
48000,farrow7-fir32,sine8000,0.025586024787420007,0.03174240002470386,0.010525934964540958,True,0.0,True,0.022938500012969598
48000,farrow7-fir32,sine12000,0.037207528470417715,0.05270558454259925,0.019459214858789327,True,0.0,True,0.041364200005773455
48000,farrow7-fir32,sine16000,0.052720668387520944,0.07395566854952944,0.04692383643124855,True,0.0,True,0.030937599978642538
48000,vfd-ls32,impulse,1.8095464510213515,0.5488784643861988,1.7549762809924987,True,3.404323791289585e-05,True,0.02586419999715872
48000,vfd-ls32,broadband,1.9141816429299587,3.2568788088849714,1.776381813024711,True,2.569981371458344e-05,True,0.022887400002218783
48000,vfd-ls32,transient,0.03523752355172225,0.15577300659282486,0.02930890992699715,True,5.7431358094888775e-08,True,0.01994810000178404
48000,vfd-ls32,multitone,0.038160758929625956,0.05269362591969855,0.02770003575652625,True,0.0,True,0.02078259998233989
48000,vfd-ls32,sine4000,0.03172306990226504,0.04367502333913076,0.01943889700789552,True,0.0,True,0.016921900009037927
48000,vfd-ls32,sine8000,0.025585868726963862,0.03174244691040129,0.010525790613571607,True,0.0,True,0.01756600002408959
48000,vfd-ls32,sine12000,0.037207683798246835,0.05270599753801742,0.019459730383393124,True,0.0,True,0.014611999999033287
48000,vfd-ls32,sine16000,0.05272160471390839,0.07395740534494066,0.046924904508289705,True,0.0,True,0.017800100002205
48000,vfd-ls64,impulse,67.02161204637547,17.793659499903033,66.91016466698761,True,3.404323791289585e-05,True,0.016960300010396168
48000,vfd-ls64,broadband,81.03979551690567,126.76696522336665,81.04986787841148,True,2.569981371458344e-05,True,0.01567980000982061
48000,vfd-ls64,transient,1.0960539156661084,4.370675436250716,1.0929530189948595,True,5.7431358094888775e-08,True,0.014903899980708957
48000,vfd-ls64,multitone,0.016126337009761335,0.018936345177101993,0.01037966921559988,True,0.0,True,0.02220779997878708
48000,vfd-ls64,sine4000,0.011437448134634154,0.015942279901496187,0.0078065211889592956,True,0.0,True,0.03040819999296218
48000,vfd-ls64,sine8000,0.015878596389480883,0.022119407579210146,0.0065954860803761565,True,0.0,True,0.016545599995879456
48000,vfd-ls64,sine12000,0.01410652872890567,0.018207034107764024,0.011702393751721977,True,0.0,True,0.019261599984019995
48000,vfd-ls64,sine16000,0.021408626149065937,0.028533992087299852,0.013770480062084596,True,0.0,True,0.01742499999818392
48000,sinc129-noncausal-control,impulse,0.0585909855314907,0.0051594512285331245,0.035873711755002126,True,3.404323791289585e-05,True,0.0858689000015147
48000,sinc129-noncausal-control,broadband,0.05129307734948419,0.08801806345693455,0.037140694708390744,True,2.569981371458344e-05,True,0.07479529999545775
48000,sinc129-noncausal-control,transient,0.0010094592896303582,0.0013426795794610263,0.000542670599329586,True,5.7431358094888775e-08,True,0.08565989998169243
48000,sinc129-noncausal-control,multitone,2.2352248424803358e-06,2.4286682903528838e-06,1.918620642776245e-06,True,0.0,True,0.08006760000716895
48000,sinc129-noncausal-control,sine4000,6.479180602048734e-07,1.1590858206146885e-06,6.176228331379507e-07,True,0.0,True,0.09789699999964796
48000,sinc129-noncausal-control,sine8000,7.987437593477082e-07,1.4459869189610927e-06,7.161460429910307e-07,True,0.0,True,0.0747918999986723
48000,sinc129-noncausal-control,sine12000,1.7196391453694623e-06,2.0249928891023292e-06,1.5108956817821076e-06,True,0.0,True,0.07692170000518672
48000,sinc129-noncausal-control,sine16000,3.995511021416498e-06,5.566412066941106e-06,3.397566906634953e-06,True,0.0,True,0.07266979999258183
96000,lagrange3,impulse,0.38229730225347675,0.20822861447477822,0.35794249408667556,True,2.7950472319979926e-05,True,0.014760499994736165
96000,lagrange3,broadband,0.33797987512214495,0.5910293537087539,0.25556580009611185,True,2.126049822006171e-05,True,0.010984799999278039
96000,lagrange3,transient,0.003116229015699955,0.02515988092398067,0.0030813755826935582,True,1.6368478948732595e-08,True,0.011880399979418144
96000,lagrange3,multitone,0.01196387510707444,0.01876209385809482,0.009141337548357345,True,0.0,True,0.01733929998590611
96000,lagrange3,sine4000,9.696554879158789e-05,0.00019388740061851854,9.151803041681748e-05,True,0.0,True,0.009302599995862693
96000,lagrange3,sine8000,0.0015236755194567395,0.003015345423715652,0.001380439542163988,True,0.0,True,0.025622399989515543
96000,lagrange3,sine12000,0.007484398027432882,0.014560321377009987,0.005357744615747651,True,0.0,True,0.00926289998460561
96000,lagrange3,sine16000,0.022674593577531935,0.04361579330595962,0.0174287592868789,True,0.0,True,0.013886900007491931
96000,lagrange7,impulse,0.7430448784410967,0.5380676218588616,0.3123180525800355,True,2.7950472319979926e-05,True,0.02847649998147972
96000,lagrange7,broadband,0.8602849639952715,2.501973347214907,0.5997302936309851,True,2.126049822006171e-05,True,0.028923400008352473
96000,lagrange7,transient,0.004540040515704319,0.059138899146633284,0.002408454231986789,True,1.6368478948732595e-08,True,0.026740800007246435
96000,lagrange7,multitone,0.0022819541880036627,0.005436995231583966,0.0019834841892172285,True,0.0,True,0.034593199990922585
96000,lagrange7,sine4000,9.21357153644297e-08,3.4360046893189753e-07,6.37476412258887e-08,True,0.0,True,0.04527950001647696
96000,lagrange7,sine8000,2.2289853118933966e-05,8.279032308895423e-05,7.3500935178404e-06,True,0.0,True,0.031360599998151883
96000,lagrange7,sine12000,0.000519200037439092,0.001917437107494111,0.00036076856117689323,True,0.0,True,0.03283069998724386
96000,lagrange7,sine16000,0.004534153478566834,0.015589148816036456,0.00395080652367008,True,0.0,True,0.03150159999495372
96000,lagrange15,impulse,19.027412036354065,13.220517814730227,18.72194804844039,True,2.7950472319979926e-05,True,0.1283893999934662
96000,lagrange15,broadband,50.97709172800232,155.19673015899343,50.62021897667402,True,2.126049822006171e-05,True,0.10926159998052754
96000,lagrange15,transient,0.10826068490834008,1.4150321375193993,0.10614021750317791,True,1.6368478948732595e-08,True,0.10181619998184033
96000,lagrange15,multitone,0.0007739876413199602,0.001879897972462972,0.00040801028713001404,True,0.0,True,0.14358599999104626
96000,lagrange15,sine4000,1.301385768630638e-11,1.6659085231522575e-10,9.149528555699998e-12,True,0.0,True,0.1069015999964904
96000,lagrange15,sine8000,4.0047399925010925e-08,1.7256240133406943e-07,3.4387636291673916e-08,True,0.0,True,0.10197960000368766
96000,lagrange15,sine12000,2.113279549125015e-05,9.090285641423048e-05,1.5836313392691036e-05,True,0.0,True,0.1183381000009831
96000,lagrange15,sine16000,0.0015479639033687562,0.005985557208235842,0.000816604136536846,True,0.0,True,0.10779559999355115
96000,farrow7-fir32,impulse,7865.197930693625,4052.2244654239275,7864.697549242542,True,2.7950472319979926e-05,True,0.03305199998430908
96000,farrow7-fir32,broadband,6276.015165168046,9992.537485990744,6275.610126922309,True,2.126049822006171e-05,True,0.0301890000118874
96000,farrow7-fir32,transient,42.87858646249532,427.6041976218065,42.87587395135092,True,1.6368478948732595e-08,True,0.03230640001129359
96000,farrow7-fir32,multitone,4.769438461801558e-08,9.062554431837215e-08,2.752057375331148e-08,True,0.0,True,0.028007800021441653
96000,farrow7-fir32,sine4000,3.934831530493206e-08,6.558728397309878e-08,1.4376129462384482e-08,True,0.0,True,0.03172520000953227
96000,farrow7-fir32,sine8000,4.5178419419387685e-08,8.393823400593803e-08,3.099712540431543e-08,True,0.0,True,0.031704200024250895
96000,farrow7-fir32,sine12000,3.7460540887838157e-08,9.273414251973943e-08,3.2752482804001744e-08,True,0.0,True,0.0330907000170555
96000,farrow7-fir32,sine16000,6.413429903409052e-08,1.3532373224772612e-07,2.8125006122880258e-08,True,0.0,True,0.033646399999270216
96000,vfd-ls32,impulse,7865.1811458329175,4052.215790235453,7864.680764552574,True,2.7950472319979926e-05,True,0.02030550001654774
96000,vfd-ls32,broadband,6275.987583314495,9992.506367094411,6275.582544951809,True,2.126049822006171e-05,True,0.018113500002073124
96000,vfd-ls32,transient,42.87850712779248,427.6032822647827,42.87579461666884,True,1.6368478948732595e-08,True,0.01846510000177659
96000,vfd-ls32,multitone,2.316346068218896e-07,2.961991826426891e-07,2.1930920730101542e-07,True,0.0,True,0.02006819998496212
96000,vfd-ls32,sine4000,4.980076290656843e-08,7.804484129895514e-08,3.29343266856711e-08,True,0.0,True,0.024805299995932728
96000,vfd-ls32,sine8000,1.25842000817123e-07,1.9324984471048653e-07,1.1835943907838759e-07,True,0.0,True,0.019846599985612556
96000,vfd-ls32,sine12000,1.8911046208791706e-07,2.941051090716732e-07,1.7929449639843688e-07,True,0.0,True,0.028793800011044368
96000,vfd-ls32,sine16000,3.990872102600064e-07,5.560546351179056e-07,3.8119606149316614e-07,True,0.0,True,0.016098599997349083
96000,vfd-ls64,impulse,4729.699343323433,2300.020112792817,4729.134005808954,True,2.7950472319979926e-05,True,0.0319166999834124
96000,vfd-ls64,broadband,3843.433686727359,7692.941292005735,3842.932582325921,True,2.126049822006171e-05,True,0.03489199999603443
96000,vfd-ls64,transient,29.40804178800903,251.03540374097045,29.404205389276616,True,1.6368478948732595e-08,True,0.03253480000421405
96000,vfd-ls64,multitone,2.2517578182795242e-07,2.933124551781033e-07,2.1588833408963763e-07,True,0.0,True,0.0339584999892395
96000,vfd-ls64,sine4000,3.5614296964789366e-08,5.602802513892192e-08,3.429668949517952e-08,True,0.0,True,0.039698799984762445
96000,vfd-ls64,sine8000,9.652073371337913e-08,1.454008426942025e-07,9.18288346373682e-08,True,0.0,True,0.02931660000467673
96000,vfd-ls64,sine12000,2.2096172158291909e-07,3.1820699312712296e-07,2.1315851627168095e-07,True,0.0,True,0.03667830000631511
96000,vfd-ls64,sine16000,3.770329057369356e-07,5.302303606159988e-07,3.626017938664264e-07,True,0.0,True,0.03259210000396706
96000,sinc129-noncausal-control,impulse,0.07283768097797896,0.00746220720392503,0.06455010573133259,True,2.7950472319979926e-05,True,0.13819779999903403
96000,sinc129-noncausal-control,broadband,0.057440639143839865,0.06822021202111408,0.04696019477236752,True,2.126049822006171e-05,True,0.14718400000128895
96000,sinc129-noncausal-control,transient,0.000449265863830744,0.0007855961697659435,0.00043202839805184826,True,1.6368478948732595e-08,True,0.14686690000235103
96000,sinc129-noncausal-control,multitone,8.090501494242877e-07,7.490721117694499e-07,7.629773724065919e-07,True,0.0,True,0.1414628999773413
96000,sinc129-noncausal-control,sine4000,8.12515547412844e-07,1.1266277019692538e-06,7.739448664194014e-07,True,0.0,True,0.1447321000159718
96000,sinc129-noncausal-control,sine8000,8.603890418057144e-07,1.159086973236904e-06,8.297843386246694e-07,True,0.0,True,0.13882610001019202
96000,sinc129-noncausal-control,sine12000,3.4754936904893505e-07,3.8417194188371925e-07,2.8955757543067353e-07,True,0.0,True,0.1431577000184916
96000,sinc129-noncausal-control,sine16000,1.0475649848583637e-06,1.4459897573400683e-06,9.78458374611328e-07,True,0.0,True,0.14558460001717322
