rate,candidate,path_m,frequency_hz,magnitude_error_db,phase_error_rad,group_delay_error_ns,complex_error
44100,lagrange3,0.005,4000.0,0.020092328995952955,-0.0016322053372471287,311.06443889113484,0.0028343643145041187
44100,lagrange3,0.005,8000.0,0.12538404787385438,-0.03784018327784985,3118.852397797652,0.04079141150027324
44100,lagrange3,0.005,12000.0,-0.2533500124861277,-0.17291607753248292,7532.310785435442,0.1726109229097731
44100,lagrange3,0.005,16000.0,-2.564389400563459,-0.3916214273752046,8895.17405190042,0.421974243532945
44100,lagrange3,0.015,4000.0,0.03212803620854122,-0.0019206190235046654,369.9820617524582,0.004175506219409832
44100,lagrange3,0.015,8000.0,0.30911427186222784,-0.04781527355520852,4109.781163111926,0.06067301487662346
44100,lagrange3,0.015,12000.0,0.5944798389329013,-0.24347871774335683,11892.193112272269,0.26112532940558275
44100,lagrange3,0.015,16000.0,0.19629110403640587,-0.6591801507306958,21417.172011630824,0.6550649671574637
44100,lagrange3,0.03,4000.0,0.008063345211708798,-0.00026371583858321717,51.51705453650525,0.0009655060692949855
44100,lagrange3,0.03,8000.0,0.10449070933844314,-0.007326553982861563,672.0926860665647,0.014170407167647796
44100,lagrange3,0.03,12000.0,0.36928628622815796,-0.043419681496464475,2362.4988796568796,0.06207426223923971
44100,lagrange3,0.03,16000.0,0.712178010736094,-0.12990807349259523,4492.118738472241,0.15998029085495122
44100,lagrange3,0.05,4000.0,-0.020907337789817806,1.551829393568244e-05,-3.05725907604078,0.0024042015663989246
44100,lagrange3,0.05,8000.0,-0.3135915553793988,0.0004706345961211279,-45.930377405593504,0.03546261380892165
44100,lagrange3,0.05,12000.0,-1.4803141976266159,0.0035305939599150167,-239.8819222324431,0.15672928657750412
44100,lagrange3,0.05,16000.0,-4.57142154049756,0.01726960692671399,-1067.9069506505489,0.40943095255495127
44100,lagrange7,0.005,4000.0,-0.0001367314125190002,-0.00012468330969177775,37.69177631923687,0.0001256721245550696
44100,lagrange7,0.005,8000.0,-0.20607959563357764,0.005959322891934809,-2482.5922317209233,0.024174807100993585
44100,lagrange7,0.005,12000.0,1.4602906200259926,0.30735895281140646,-8248.746105752141,0.3800088388218109
44100,lagrange7,0.005,16000.0,8.958011029380945,-0.267289954569323,46528.55058411996,1.8591575320160367
44100,lagrange7,0.015,4000.0,3.174475326482852e-05,-0.00014558561932501225,45.50872078727573,0.00014563175211745427
44100,lagrange7,0.015,8000.0,-0.24874001619244723,-0.0017195142824479482,-1511.5904380311017,0.028281935262434523
44100,lagrange7,0.015,12000.0,0.42252217366862305,0.44217953003745775,-25603.37485540425,0.4521403656393702
44100,lagrange7,0.015,16000.0,10.25531866959403,0.1415794452571966,38219.38114661203,2.2710050172814946
44100,lagrange7,0.03,4000.0,4.9159526268685173e-05,-2.2080098272953277e-05,7.171697805792441,2.279398780539941e-05
44100,lagrange7,0.03,8000.0,-0.03400691334626769,-0.0022028471247117973,117.72483726930305,0.004483571272645403
44100,lagrange7,0.03,12000.0,-0.45362835891183273,0.054250052450399995,-7457.917459288447,0.07336186661810067
44100,lagrange7,0.03,16000.0,1.7133554826961108,0.2857556806582636,-1111.3623828143961,0.3825390963723841
44100,lagrange7,0.05,4000.0,-0.0001430430235486901,2.6748062389186142e-05,-9.004203216909403,3.1411017169269907e-05
44100,lagrange7,0.05,8000.0,0.024173687730417084,0.0056048430806846464,-703.7266724562068,0.006266495374630824
44100,lagrange7,0.05,12000.0,0.8637102038097575,0.011681897427629016,2767.2490152025644,0.10526872467813572
44100,lagrange7,0.05,16000.0,3.22870812134813,-0.2961303931798706,22932.174803723137,0.5735423652844608
44100,lagrange15,0.005,4000.0,-3.385844186409381e-06,4.016622760066865e-07,-0.31013723152719314,5.597178555886075e-07
44100,lagrange15,0.005,8000.0,-0.0021953437198718173,-0.01949252934113895,5535.626469542293,0.019491395957383424
44100,lagrange15,0.005,12000.0,14.156939856618456,0.6331764582013722,112465.57078468148,4.337647376011484
44100,lagrange15,0.005,16000.0,38.888790549683414,-3.1257458094711854,156196.87064510552,88.99113399115058
44100,lagrange15,0.015,4000.0,-3.614432236536924e-06,3.103135718869987e-07,-0.2550280439183873,5.190915033052016e-07
44100,lagrange15,0.015,8000.0,0.047559474687255854,-0.01729723190118382,5739.275012903352,0.01819272108650811
44100,lagrange15,0.015,12000.0,13.0713659823466,1.0421611657449812,101541.95710753299,4.091489728095694
44100,lagrange15,0.015,16000.0,38.52053263662088,-2.4638157840456834,149501.40182583948,85.11992588178272
44100,lagrange15,0.03,4000.0,-4.594509830389392e-07,2.2450942970884154e-08,-0.021378776617661088,5.746353491052316e-08
44100,lagrange15,0.03,8000.0,0.012396687391147168,-0.0014453023289886051,611.816505395161,0.002032671244833055
44100,lagrange15,0.03,12000.0,-0.7277578493768062,0.4815676000771093,-75983.71705314223,0.4643687409157088
44100,lagrange15,0.03,16000.0,20.002904324530956,-1.392418697991756,143293.46710723743,9.875071977363215
44100,lagrange15,0.05,4000.0,4.2122221177798206e-07,-4.002375472271834e-09,0.008697616188195739,4.865988181436464e-08
44100,lagrange15,0.05,8000.0,-0.014962622515343034,0.00026525573437905994,-295.58061069522,0.001741437938772667
44100,lagrange15,0.05,12000.0,2.9257712671800657,-0.056615828337289245,42710.36765098054,0.40608161906604323
44100,lagrange15,0.05,16000.0,17.98144304534991,2.9240178281929574,136397.41968433096,8.905370461450728
44100,farrow7-fir32,0.005,4000.0,0.22488698137557173,0.02077592092944542,2554.3302665352935,0.03362905135916013
44100,farrow7-fir32,0.005,8000.0,0.058576557443492216,0.03541612827632955,-40.033523791951865,0.03617243943336921
44100,farrow7-fir32,0.005,12000.0,-0.20673036883361073,0.03490088950108394,-3257.600246881885,0.04174301640852984
44100,farrow7-fir32,0.005,16000.0,-0.47907706477095047,-0.0008485075125854699,-6355.961939277425,0.05366863705415126
44100,farrow7-fir32,0.015,4000.0,0.2829183564303793,0.035442511121302485,3424.9098757896595,0.04892643212186718
44100,farrow7-fir32,0.015,8000.0,-0.05555536226190736,0.052793548876405694,-1766.1124407969005,0.053003721215322555
44100,farrow7-fir32,0.015,12000.0,-0.48844364665428364,0.030248902845355398,-6619.252659190293,0.06208899578096218
44100,farrow7-fir32,0.015,16000.0,-0.5744866927130167,-0.053268159242200755,-8499.956410055189,0.08216640744037128
44100,farrow7-fir32,0.03,4000.0,0.04068945405597545,0.00884326026345021,537.6701806501941,0.010030852709110413
44100,farrow7-fir32,0.03,8000.0,-0.05598311477540177,0.008893971913226752,-882.6507269645234,0.010948474340112747
44100,farrow7-fir32,0.03,12000.0,-0.1105069064265812,-0.00323174790940373,-1067.2241811661422,0.013043466123578458
44100,farrow7-fir32,0.03,16000.0,0.008698215428841125,-0.01783923506137351,5.328599348924061,0.017876032951598498
44100,farrow7-fir32,0.05,4000.0,0.2664960322571081,0.03488970758725407,3254.9020578562267,0.04717892830090141
44100,farrow7-fir32,0.05,8000.0,-0.0732261652383352,0.05067710129582973,-1947.6692164133437,0.051152130050226764
44100,farrow7-fir32,0.05,12000.0,-0.48817265419071554,0.025530720639234002,-6476.045634652992,0.06002568767865698
44100,farrow7-fir32,0.05,16000.0,-0.5138419809909414,-0.05693866953223565,-7648.12179642571,0.07971566113643547
44100,vfd-ls32,0.005,4000.0,0.22488546784265592,0.020775820493676146,2554.3205416543055,0.033628847066334865
44100,vfd-ls32,0.005,8000.0,0.058574726753651565,0.0354159533896567,-40.03404652210315,0.0361722237084455
44100,vfd-ls32,0.005,12000.0,-0.20673243415141787,0.03490069349984456,-3257.5876657214576,0.04174298385760927
44100,vfd-ls32,0.005,16000.0,-0.4790780592022368,-0.0008487732829070157,-6355.917585682656,0.053668749362033356
44100,vfd-ls32,0.015,4000.0,0.2829164027120255,0.0354423926909205,3424.8983554742845,0.04892618327644631
44100,vfd-ls32,0.015,8000.0,-0.05555902692362365,0.0527933769622211,-1766.1086161973753,0.05300359056230245
44100,vfd-ls32,0.015,12000.0,-0.48845055949160915,0.030248809601972466,-6619.2366912175585,0.06208960990291918
44100,vfd-ls32,0.015,16000.0,-0.5744985157135376,-0.05326803227877221,-8499.939953618168,0.08216730082435056
44100,vfd-ls32,0.03,4000.0,0.04068822617494221,0.008843288917149096,537.6711348094515,0.01003081105096749
44100,vfd-ls32,0.03,8000.0,-0.055988676302256846,0.00889399855346978,-882.6514189772174,0.010948866866195792
44100,vfd-ls32,0.03,12000.0,-0.11051921677145976,-0.003231765155719861,-1067.2266098334119,0.013044826076728567
44100,vfd-ls32,0.03,16000.0,0.008677733078963367,-0.017839243827211942,5.32258844477781,0.017875888551606645
44100,vfd-ls32,0.05,4000.0,0.26649398584677164,0.034889580892280614,3254.8902614910658,0.047178668134870275
44100,vfd-ls32,0.05,8000.0,-0.07322998423785436,0.050676918097754306,-1947.664220039112,0.05115201076771506
44100,vfd-ls32,0.05,12000.0,-0.48817975667113667,0.02553062716449326,-6476.0285819636565,0.06002634972284961
44100,vfd-ls32,0.05,16000.0,-0.513853383917172,-0.05693850645647269,-7648.10647168085,0.0797164179154405
44100,vfd-ls64,0.005,4000.0,0.08687144752613363,0.011549729774820784,857.6931076998758,0.015354830087327664
44100,vfd-ls64,0.005,8000.0,-0.025595613270718673,0.015529902057650325,-2608.1395119672884,0.01578358246008988
44100,vfd-ls64,0.005,12000.0,-0.14346960814783838,0.005782146293914351,-2627.9092573449952,0.017356597986178952
44100,vfd-ls64,0.005,16000.0,-0.08821618019007887,-0.02082498843139604,-5.071574429392523,0.023051910861941825
44100,vfd-ls64,0.015,4000.0,0.09322230709125225,0.017324495252892834,601.4205566368802,0.02048907604739369
44100,vfd-ls64,0.015,8000.0,-0.08981668611834218,0.018558081967360585,-4138.977962110763,0.021134738127236846
44100,vfd-ls64,0.015,12000.0,-0.20431763394440544,-0.0035648022012899966,-1129.5218005687523,0.023513864578067187
44100,vfd-ls64,0.015,16000.0,0.054851278113642814,-0.031428744017146466,4915.707388980308,0.03215701200550292
44100,vfd-ls64,0.03,4000.0,0.009576557675578856,0.0035463655296748245,-78.28046936863461,0.0037158456812037134
44100,vfd-ls64,0.03,8000.0,-0.02826492450273988,0.0020593530724758503,-724.4647888090047,0.003844744068337508
44100,vfd-ls64,0.03,12000.0,-0.02396452851966009,-0.00335125397546109,621.9586521080031,0.004334877482984596
44100,vfd-ls64,0.03,16000.0,0.04887090818834279,-0.0024423252119808846,1489.2662765178932,0.006150974593616536
44100,vfd-ls64,0.05,4000.0,0.0856942905604865,0.016748283048151055,493.55673229317756,0.019534117232961255
44100,vfd-ls64,0.05,8000.0,-0.09242052373966399,0.01724654453043506,-3992.190162203189,0.020157053235464753
44100,vfd-ls64,0.05,12000.0,-0.1926261598031429,-0.004878295374842994,-695.3919053441341,0.02245715397799978
44100,vfd-ls64,0.05,16000.0,0.07492857582106738,-0.029455254177249646,5205.278443803837,0.03082412571308949
44100,sinc129-noncausal-control,0.005,4000.0,-8.635060882694441e-07,-7.00082785871127e-08,0.25830632854584223,1.2159137509863808e-07
44100,sinc129-noncausal-control,0.005,8000.0,-3.777854932929841e-06,4.0613411949443426e-07,0.4991199042082187,5.950789729914546e-07
44100,sinc129-noncausal-control,0.005,12000.0,-8.064026483933483e-06,1.403155327669039e-06,-1.1829406938750293,1.6824918291980267e-06
44100,sinc129-noncausal-control,0.005,16000.0,2.9920656925383993e-06,-1.0032129010332e-06,-10.712219164922951,1.0607068638723671e-06
44100,sinc129-noncausal-control,0.015,4000.0,-3.6391553427189017e-06,-2.83134529789022e-08,0.10442694732754662,4.1992875046768855e-07
44100,sinc129-noncausal-control,0.015,8000.0,-1.6704094460826566e-05,1.6542022701967299e-07,0.20334034430137776,1.9302293828714464e-06
44100,sinc129-noncausal-control,0.015,12000.0,-3.710048814906133e-05,5.771648367484276e-07,-0.4865213011227067,4.310160547104991e-06
44100,sinc129-noncausal-control,0.015,16000.0,1.4920473424618873e-05,-4.1528882568397903e-07,-4.439552179268404,1.7672715001466796e-06
44100,sinc129-noncausal-control,0.03,4000.0,-4.921355364292268e-07,5.5147464452133435e-08,-0.2034887167588187,7.906647287904803e-08
44100,sinc129-noncausal-control,0.03,8000.0,-2.127716750399251e-06,-3.195261380629067e-07,-0.3926670106012579,4.026208041318091e-07
44100,sinc129-noncausal-control,0.03,12000.0,-4.49632659584202e-06,-1.1020404101282489e-06,0.9291041394902076,1.2175643138916983e-06
44100,sinc129-noncausal-control,0.03,16000.0,1.6323364518111905e-06,7.870611667651026e-07,8.402515874537498,8.091866085785992e-07
44100,sinc129-noncausal-control,0.05,4000.0,-3.728686227373838e-06,-7.515440996175348e-09,0.027718501667930214,4.2934655558821214e-07
44100,sinc129-noncausal-control,0.05,8000.0,-1.7133744816020488e-05,4.391708255992275e-08,0.05398475285913916,1.973082139498122e-06
44100,sinc129-noncausal-control,0.05,12000.0,-3.808851670815582e-05,1.5327126074271982e-07,-0.12919961903448945,4.387770724939806e-06
44100,sinc129-noncausal-control,0.05,16000.0,1.5343944482326186e-05,-1.1030281145658962e-07,-1.1792051251676892,1.7699787663493262e-06
48000,lagrange3,0.005,4000.0,0.015821099529185256,-0.0011403169218730952,218.94713054846082,0.002150930235027447
48000,lagrange3,0.005,8000.0,0.12274955598853034,-0.027890908484502236,2374.6239106258304,0.03148784061849259
48000,lagrange3,0.005,12000.0,-0.02806550415987722,-0.13748718705297866,6435.5874394619395,0.1371950903552241
48000,lagrange3,0.005,16000.0,-1.4690610631538559,-0.3428749074537129,9522.084358530903,0.350019242092299
48000,lagrange3,0.015,4000.0,0.022942066051052305,-0.001191941032433091,231.12258511196958,0.0029016232616712106
48000,lagrange3,0.015,8000.0,0.24765491120958255,-0.03116202019824629,2755.4428374877234,0.0428438887055046
48000,lagrange3,0.015,12000.0,0.6155592200615957,-0.16880629575295575,8613.667820431288,0.18949730159529976
48000,lagrange3,0.015,16000.0,0.6337004467838785,-0.47563722622204835,15910.197658433093,0.49449753405816
48000,lagrange3,0.03,4000.0,0.001557765754949242,-4.038578776323413e-05,7.92520801505466,0.00018385181806277416
48000,lagrange3,0.03,8000.0,0.021485433249819223,-0.0011654454201115497,109.46873996022934,0.002737789323256685
48000,lagrange3,0.03,12000.0,0.08444264356328066,-0.007421752924902295,429.3659980122068,0.012290569933581675
48000,lagrange3,0.03,16000.0,0.1858291468628796,-0.024399404546101226,938.9301842061295,0.03279953957050283
48000,lagrange3,0.05,4000.0,-0.014040267617559327,-7.9387755529746e-05,15.656210788187755,0.0016170865204553969
48000,lagrange3,0.05,8000.0,-0.21132176455225693,-0.0024109541746501055,234.70603950615475,0.024153468152121185
48000,lagrange3,0.05,12000.0,-0.9900161921777818,-0.01766206473056273,1165.7418517002548,0.10900828660188486
48000,lagrange3,0.05,16000.0,-2.9230408719363385,-0.07796636839710797,4242.843966406179,0.2932486078663735
48000,lagrange7,0.005,4000.0,1.0700540008396697e-05,-6.786733134701693e-05,21.249799688563478,6.787855351688072e-05
48000,lagrange7,0.005,8000.0,-0.1194040552171674,-0.0005896474599870416,-761.1477841027908,0.013665396159306205
48000,lagrange7,0.005,12000.0,0.0713587775354966,0.23203243964613632,-17574.622092489604,0.23261154410796012
48000,lagrange7,0.005,16000.0,7.152238312449173,0.08028410475079772,31569.64238342025,1.2840332516126258
48000,lagrange7,0.015,4000.0,0.00010275270193244595,-6.941441633779254e-05,22.33063426402582,7.041565885048392e-05
48000,lagrange7,0.015,8000.0,-0.1175878191283091,-0.004895927873075423,-24.159129110255726,0.014298884635888152
48000,lagrange7,0.015,12000.0,-0.9217266368831301,0.2385366173676027,-27250.07921145586,0.24711437919564924
48000,lagrange7,0.015,16000.0,6.976714731338766,0.4422104544148985,21408.626369943675,1.3961227158061345
48000,lagrange7,0.03,4000.0,9.684437314584458e-06,-2.6771480631022586e-06,0.8886951602709496,2.9000468101680445e-06
48000,lagrange7,0.03,8000.0,-0.00361719059109655,-0.00042606763309591166,43.565893344681996,0.0005956608288637984
48000,lagrange7,0.03,12000.0,-0.08590805944969769,0.003698993776740929,-779.8866231040641,0.010507545879125647
48000,lagrange7,0.03,16000.0,-0.032010925591345274,0.06132918193276186,-3446.181900813165,0.06131712687477236
48000,lagrange7,0.05,4000.0,-7.313269235976458e-05,1.0086352047322714e-05,-3.447726378392015,1.3138668137428081e-05
48000,lagrange7,0.05,8000.0,0.0041152172446639835,0.0026899742558693456,-381.7333073080734,0.002732025233003211
48000,lagrange7,0.05,12000.0,0.3614565580552981,0.024469952549218476,-716.691491836323,0.04929280594948527
48000,lagrange7,0.05,16000.0,2.206151568028138,-0.06488515349410418,10121.200793167012,0.2983963485344046
48000,lagrange15,0.005,4000.0,-1.195901617291011e-06,7.059341136145716e-08,-0.06374846816062113,1.5472590932290293e-07
48000,lagrange15,0.005,8000.0,0.030477661666233582,-0.0047994651734785225,1890.2945868495144,0.005955774699446695
48000,lagrange15,0.005,12000.0,4.702482336598827,1.132716778079057,18899.026483731683,1.5795577048754452
48000,lagrange15,0.005,16000.0,32.472816370861835,-1.8134323129825907,145045.09157190347,42.28928571359418
48000,lagrange15,0.015,4000.0,-1.0399780715940932e-06,3.8907875107847434e-08,-0.040683532850091866,1.2589499110696972e-07
48000,lagrange15,0.015,8000.0,0.03438669692300892,-0.0028273819999305064,1358.9912082854817,0.00487452481701734
48000,lagrange15,0.015,12000.0,0.4591278687347356,1.376355343934972,-45740.60958277814,1.3054103484592265
48000,lagrange15,0.015,16000.0,31.07789818906474,-1.1590413228455412,136176.33683939575,35.41262097786296
48000,lagrange15,0.03,4000.0,-3.074189179340115e-08,2.6552143903657383e-10,-0.0006179982063201847,3.5492369644711905e-09
48000,lagrange15,0.03,8000.0,0.001191626325658002,-1.9551320860043816e-05,23.15429054034523,0.00013858669963420436
48000,lagrange15,0.03,12000.0,-0.3269324049700689,0.007412690330900159,-6151.310662810725,0.037649380992560474
48000,lagrange15,0.03,16000.0,6.154134605406748,-0.10760507855392012,69087.59118029069,1.0423166523623486
48000,lagrange15,0.05,4000.0,7.930329335755162e-08,2.2740763913433317e-09,-0.00036589293064565737,9.409074359551214e-09
48000,lagrange15,0.05,8000.0,-0.0028339784127171374,-0.00017730380860920904,14.254000785800951,0.0003712765352053048
48000,lagrange15,0.05,12000.0,0.636342213965757,0.06665125602402332,-2291.7105021877396,0.10274297123195977
48000,lagrange15,0.05,16000.0,8.329156480794651,-1.7144215290571263,156067.92132905454,2.9245864486187485
48000,farrow7-fir32,0.005,4000.0,0.18758973020930525,0.0234825413921659,-1710.3029676621532,0.032250233968753025
48000,farrow7-fir32,0.005,8000.0,0.0704557121451813,0.02485392483608178,-1362.1782849591134,0.026249750911769017
48000,farrow7-fir32,0.005,12000.0,-0.059754069837137304,0.036513508961809174,4316.200466405459,0.03702635850848787
48000,farrow7-fir32,0.005,16000.0,-0.4334778229403695,0.018076101587551904,-4780.275528607975,0.051775318370959375
48000,farrow7-fir32,0.015,4000.0,0.19548263502254543,0.03483909694588888,-3331.9627428810213,0.04194429257288829
48000,farrow7-fir32,0.015,8000.0,0.0070911299978619275,0.03354665565081835,219.62011985741864,0.033568715510304895
48000,farrow7-fir32,0.015,12000.0,-0.26151426432791186,0.04092888212935906,4812.687744071427,0.05004928649780234
48000,farrow7-fir32,0.015,16000.0,-0.6141809644570957,-0.022457815779370862,-7194.149825519504,0.07162708823666177
48000,farrow7-fir32,0.03,4000.0,0.005554292893825869,0.0021419605391381647,-271.97682894956745,0.0022360904946924862
48000,farrow7-fir32,0.03,8000.0,-0.00651020788638243,0.0015724977943462634,230.69565862075518,0.0017413352831446819
48000,farrow7-fir32,0.03,12000.0,-0.023713175279765852,0.0006247266082178307,19.657364769539516,0.0027968270059372247
48000,farrow7-fir32,0.03,16000.0,-0.010775784855424148,-0.003919954658089737,-91.8982584643343,0.004109035629730179
48000,farrow7-fir32,0.05,4000.0,0.13686150679621206,0.028964122655271003,-3036.2986863838632,0.03323263445920605
48000,farrow7-fir32,0.05,8000.0,-0.02330119617945385,0.026304833938255168,1007.8636996216212,0.026405076649307833
48000,farrow7-fir32,0.05,12000.0,-0.2610193513649834,0.027625613384174554,3087.5546026326847,0.04021102680986616
48000,farrow7-fir32,0.05,16000.0,-0.43378805628968886,-0.032293794386787526,-4947.7198993208285,0.05801000528061065
48000,vfd-ls32,0.005,4000.0,0.1875872778536012,0.02348234227979194,-1710.292411063059,0.0322498880672249
48000,vfd-ls32,0.005,8000.0,0.07045221449504699,0.024853696863345116,-1362.1666628782632,0.026249402593898945
48000,vfd-ls32,0.005,12000.0,-0.05975973649339965,0.03651319723284524,4316.171677214434,0.03702616158577828
48000,vfd-ls32,0.005,16000.0,-0.4334843647920157,0.018075836033089706,-4780.237254900656,0.05177590159349129
48000,vfd-ls32,0.015,4000.0,0.19548056659018795,0.03483894062434272,-3331.9490017308917,0.041944024114136634
48000,vfd-ls32,0.015,8000.0,0.007086623462774336,0.033546505011004354,219.62015226660512,0.03356854354205909
48000,vfd-ls32,0.015,12000.0,-0.26152299531169104,0.040928712275796315,4812.66839612758,0.05004971345001938
48000,vfd-ls32,0.015,16000.0,-0.6141948441612248,-0.022457740736875235,-7194.1299482328495,0.07162848012486794
48000,vfd-ls32,0.03,4000.0,0.005553900522574742,0.002142042255682037,-271.98370335115527,0.0022361558451715266
48000,vfd-ls32,0.03,8000.0,-0.00651321420384256,0.0015725673485509916,230.701576548951,0.0017415466331020986
48000,vfd-ls32,0.03,12000.0,-0.023720322220799134,0.0006247269528327572,19.661618326528977,0.0027976269341275315
48000,vfd-ls32,0.03,16000.0,-0.010787800000360852,-0.003920254658826254,-91.88728007474678,0.004109735940261638
48000,vfd-ls32,0.05,4000.0,0.1368614397186934,0.028964131023781807,-3036.298184542463,0.033232638019461726
48000,vfd-ls32,0.05,8000.0,-0.023301788894070623,0.026304849223039044,1007.8631601609264,0.02640509784689918
48000,vfd-ls32,0.05,12000.0,-0.2610208736011323,0.02762562057836177,3087.555684199182,0.0402111551966096
48000,vfd-ls32,0.05,16000.0,-0.4337912353412407,-0.0322938525951221,-4947.71620163723,0.0580103253563233
48000,vfd-ls64,0.005,4000.0,0.07858623056349427,0.008175145879577411,-1873.927587539919,0.01224921216350869
48000,vfd-ls64,0.005,8000.0,-0.0045519715907307665,0.016755940004535532,-1789.040362503271,0.016759545387304724
48000,vfd-ls64,0.005,12000.0,-0.08268291900953956,0.011468609490671449,4039.6599132660963,0.014833719893698189
48000,vfd-ls64,0.005,16000.0,-0.16573197019506855,-0.01177937792436785,-1868.0388978511332,0.022211011312349708
48000,vfd-ls64,0.015,4000.0,0.07941717911825312,0.011053054215940047,-1877.3247235026622,0.014410350824113826
48000,vfd-ls64,0.015,8000.0,-0.06100267594046688,0.01912086204116335,-3066.2392371874353,0.020298221544559274
48000,vfd-ls64,0.015,12000.0,-0.14455779004492395,0.007485717867947576,4623.769298599785,0.01809777023626749
48000,vfd-ls64,0.015,16000.0,-0.08690559754552747,-0.02610175135118186,1641.7074258018404,0.02781352564554041
48000,vfd-ls64,0.03,4000.0,0.0025763178778408957,0.0005961630611380788,-45.60361372110997,0.0006659723323139621
48000,vfd-ls64,0.03,8000.0,-0.006375357251233307,0.0006432184327020522,-176.47672461744358,0.0009755883469041741
48000,vfd-ls64,0.03,12000.0,-0.007339777139904504,-0.00023694911667985542,81.2058903055893,0.000877244748031391
48000,vfd-ls64,0.03,16000.0,0.006784397355852406,-0.0011491046620317712,293.6121356476504,0.0013899783985950596
48000,vfd-ls64,0.05,4000.0,0.055930787038260946,0.008841138380124687,-1280.8557410246055,0.010972801389909817
48000,vfd-ls64,0.05,8000.0,-0.06378789029422552,0.013860580229740127,-2573.840559395366,0.015628330605281286
48000,vfd-ls64,0.05,12000.0,-0.11884696681945661,0.0032527955329238667,3144.1564097159244,0.013968305027468444
48000,vfd-ls64,0.05,16000.0,-0.019465485909285225,-0.021579344290467636,2452.6231678223403,0.021670687697034088
48000,sinc129-noncausal-control,0.005,4000.0,-2.733542480973317e-06,9.564563958692417e-08,-0.20819967522015378,3.289238275475723e-07
48000,sinc129-noncausal-control,0.005,8000.0,-3.2439529174688696e-06,2.3093065786487524e-07,0.5600787386282593,4.3910321896180637e-07
48000,sinc129-noncausal-control,0.005,12000.0,5.023921407943601e-06,-1.264713616529773e-06,-2.998496633280223e-10,1.3907007546425836e-06
48000,sinc129-noncausal-control,0.005,16000.0,-1.3438634309395753e-05,2.3707390167713096e-06,-5.091239685674702,2.830928626664506e-06
48000,sinc129-noncausal-control,0.015,4000.0,-1.0402224932784072e-05,1.0180059270249177e-08,-0.02215501930134464,1.1976429525077579e-06
48000,sinc129-noncausal-control,0.015,8000.0,-1.253454223426641e-05,2.472200118345057e-08,0.05998498525592287,1.443303207410136e-06
48000,sinc129-noncausal-control,0.015,12000.0,2.1045421328624302e-05,-1.3659006723152247e-07,-1.4738373282224826e-10,2.4267935945009544e-06
48000,sinc129-noncausal-control,0.015,16000.0,-5.541176871030265e-05,2.580738361583426e-07,-0.554064155986901,6.3847131278332415e-06
48000,sinc129-noncausal-control,0.03,4000.0,-1.1030105695159042e-07,-2.1125412079608062e-08,0.04599037391694004,2.4648418593273676e-08
48000,sinc129-noncausal-control,0.03,8000.0,-1.2903382027786913e-07,-5.0857749422037396e-08,-0.12331865403172165,5.298300219626352e-08
48000,sinc129-noncausal-control,0.03,12000.0,1.8415919004647985e-07,2.773056083318659e-07,1.4230153513872246e-10,2.781149609944029e-07
48000,sinc129-noncausal-control,0.03,16000.0,-5.020694233172617e-07,-5.178007528129967e-07,1.1121491446179599,5.210170598859931e-07
48000,sinc129-noncausal-control,0.05,4000.0,-9.18243064283331e-06,-7.381244088601202e-08,0.16064383468752075,1.059739532888888e-06
48000,sinc129-noncausal-control,0.05,8000.0,-1.1044738515109775e-05,-1.7910992318274845e-07,-0.43456270851748025,1.2841241853704809e-06
48000,sinc129-noncausal-control,0.05,12000.0,1.837338363374217e-05,9.883998754755688e-07,-8.809142651444724e-11,2.3348445361628525e-06
48000,sinc129-noncausal-control,0.05,16000.0,-4.845666952327318e-05,-1.8654601860351777e-06,4.005152554959401,5.882392173953963e-06
96000,lagrange3,0.005,4000.0,0.0016076647615714836,-4.653507604345166e-05,9.191900103505839,0.0001908671907721029
96000,lagrange3,0.005,8000.0,0.022870379198204005,-0.0014095042939010463,135.9969001643293,0.0029905139452162622
96000,lagrange3,0.005,12000.0,0.09391741740045147,-0.009720044419561513,598.9664258426299,0.014618173932994874
96000,lagrange3,0.005,16000.0,0.21557884216018483,-0.03564996982144666,1547.8387888112372,0.04397996555111034
96000,lagrange3,0.015,4000.0,0.00010098695449618187,-1.2945275262876657e-06,0.2566693382084675,1.169846668055006e-05
96000,lagrange3,0.015,8000.0,0.001557765754949242,-4.038578776323413e-05,3.96260400752733,0.00018385181806277416
96000,lagrange3,0.015,12000.0,0.007416040670020966,-0.0002938419534610187,18.882726387191635,0.0009033379897799244
96000,lagrange3,0.015,16000.0,0.021485433249819223,-0.0011654454201115497,54.73436998011467,0.002737789323256685
96000,lagrange3,0.03,4000.0,-0.00019299713615921485,-2.055922364828392e-06,0.40775933505903494,2.2314280348186967e-05
96000,lagrange3,0.03,8000.0,-0.002995668012055517,-6.430652948537464e-05,6.319517243144845,0.0003507724730295151
96000,lagrange3,0.03,12000.0,-0.014420652597798176,-0.0004704744699776503,30.372348822434073,0.0017241811635662475
96000,lagrange3,0.03,16000.0,-0.04248192355062359,-0.0018843758611083738,89.42647497104242,0.005228566371911258
96000,lagrange3,0.05,4000.0,-0.0006603327357755414,4.23017302396545e-06,-0.8393630322243278,7.613832005169884e-05
96000,lagrange3,0.05,8000.0,-0.010341453504623371,0.00013282033995352358,-13.082637566279157,0.0011972765707758055
96000,lagrange3,0.05,12000.0,-0.050584702847552176,0.000979881560330363,-63.70464420765715,0.0058884754706179454
96000,lagrange3,0.05,16000.0,-0.15272304571298723,0.0039862466977441885,-192.38167246561957,0.01787150439500217
96000,lagrange7,0.005,4000.0,2.2049881642210975e-06,-2.3136847568072643e-07,0.08075159732547305,3.434757815756085e-07
96000,lagrange7,0.005,8000.0,6.725457023596213e-05,-8.257874971754429e-05,13.113694561335347,8.294128482584755e-05
96000,lagrange7,0.005,12000.0,-0.010036317885303393,-0.0015442514377577124,122.99692492098082,0.0019275726156239277
96000,lagrange7,0.005,16000.0,-0.1440963206260239,-0.0032814061509696146,-242.847441199107,0.0167716056172034
96000,lagrange7,0.015,4000.0,8.643645056075972e-08,-6.641819001095694e-09,0.00233746227872012,1.1964255407243335e-08
96000,lagrange7,0.015,8000.0,9.684437314584458e-06,-2.6771480631022586e-06,0.4443475801354748,2.9000468101680445e-06
96000,lagrange7,0.015,12000.0,-0.00011194637747399472,-6.659641335920855e-05,6.474988325077871,6.783163954761335e-05
96000,lagrange7,0.015,16000.0,-0.00361719059109655,-0.00042606763309591166,21.782946672340998,0.0005956608288637984
96000,lagrange7,0.03,4000.0,-6.484472916671181e-08,2.833500083185172e-09,-0.0010058201016863166,7.985160546169835e-09
96000,lagrange7,0.03,8000.0,-1.2637613477622107e-05,1.288489448866105e-06,-0.2225371117172163,1.9434776343349427e-06
96000,lagrange7,0.03,12000.0,-0.00018550619451969513,4.048938692518602e-05,-4.438234452390879,4.577636136906248e-05
96000,lagrange7,0.03,16000.0,-0.0004463178804501878,0.00040283086586113774,-30.60779773384265,0.0004060844385190657
96000,lagrange7,0.05,4000.0,-1.3749591157465634e-07,9.789235706520732e-10,-0.00034922532124144826,1.586004144323566e-08
96000,lagrange7,0.05,8000.0,-3.335510930207475e-05,4.7624744163432267e-07,-0.08398057436639385,3.869560374295055e-06
96000,lagrange7,0.05,12000.0,-0.0007814979993193475,1.6813587886002638e-05,-1.9386186073531617,9.152668734115627e-05
96000,lagrange7,0.05,16000.0,-0.006885517912476906,0.00019882316025559817,-16.728569914896344,0.0008169538551206077
96000,lagrange15,0.005,4000.0,-4.736776515711038e-12,-2.7748910112192113e-12,1.7702586256964931e-06,2.827995376570237e-12
96000,lagrange15,0.005,8000.0,-1.3441867122740396e-06,6.433419080050402e-08,-0.03090923018861117,1.675949285984356e-07
96000,lagrange15,0.005,12000.0,0.0004265588861309779,7.349367919305326e-05,-11.373941016716861,8.839365589390552e-05
96000,lagrange15,0.005,16000.0,0.03988332051803292,-0.004537430943282009,976.8177603927049,0.006470248681107333
96000,lagrange15,0.015,4000.0,-2.3143859197278918e-14,-6.280985681285511e-14,3.879919118193048e-08,6.29006748157844e-14
96000,lagrange15,0.015,8000.0,-3.074189179340115e-08,2.6552143903657383e-10,-0.00030899910316009235,3.5492369644711905e-09
96000,lagrange15,0.015,12000.0,1.7899807308873619e-06,1.8694643559189467e-06,-0.36432546328139176,1.8807887499569005e-06
96000,lagrange15,0.015,16000.0,0.001191626325658002,-1.9551320860043816e-05,11.577145270172615,0.00013858669963420436
96000,lagrange15,0.03,4000.0,-3.760877119557828e-14,1.8284178802651823e-14,-1.1407839733620917e-08,1.875003664743919e-14
96000,lagrange15,0.03,8000.0,8.380883218299336e-09,4.120039828114845e-10,-7.592373385263522e-05,1.049166371175247e-09
96000,lagrange15,0.03,12000.0,2.7775604458217396e-06,-4.591157897246956e-07,0.11020358700236979,5.595048476238307e-07
96000,lagrange15,0.03,16000.0,-0.0002473212988834202,-3.033402336262211e-05,2.879962195437134,4.160369726321441e-05
96000,lagrange15,0.05,4000.0,-4.821637332766449e-14,9.065887516474054e-15,-5.861467994999758e-09,1.067662871904967e-14
96000,lagrange15,0.05,8000.0,2.6277942746151395e-09,5.16772738134431e-10,-0.00014856777646229252,5.988172896460804e-10
96000,lagrange15,0.05,12000.0,2.7932363764407697e-06,-1.9255428844302085e-09,0.013766918879301766,3.215890385726817e-07
96000,lagrange15,0.05,16000.0,0.00010455586462136579,-2.094664169557175e-05,3.560865272932731,2.4159237490397353e-05
96000,farrow7-fir32,0.005,4000.0,-1.0927266148381567e-07,5.512075634388927e-08,0.01960023725938235,5.6538183701861865e-08
96000,farrow7-fir32,0.005,8000.0,-3.9431209535551055e-07,-4.591744931680909e-08,-0.004797146578982555,6.45700134951825e-08
96000,farrow7-fir32,0.005,12000.0,4.3082251361207824e-07,1.499745338873182e-08,-0.018456621798026155,5.181805690498525e-08
96000,farrow7-fir32,0.005,16000.0,-2.5544484815798014e-07,-8.595603479487956e-08,0.03413882383902439,9.084789075043247e-08
96000,farrow7-fir32,0.015,4000.0,-3.251210767543556e-09,1.0020463193882296e-09,0.0004319237313323747,1.0696748551433458e-09
96000,farrow7-fir32,0.015,8000.0,-4.9642806530376255e-09,-1.1018293498430161e-09,-0.00024661342914078684,1.2412408810481945e-09
96000,farrow7-fir32,0.015,12000.0,6.838638159701699e-09,6.999032529423702e-10,-0.00010432038466032766,1.0534461534693447e-09
96000,farrow7-fir32,0.015,16000.0,1.0771348786538012e-08,-1.3531011298956918e-09,0.0005580214025233121,1.835408490248886e-09
96000,farrow7-fir32,0.03,4000.0,-6.873851546882402e-09,2.149497276578934e-09,0.0009196431288748582,2.2905507642975228e-09
96000,farrow7-fir32,0.03,8000.0,-1.0965398487577927e-08,-2.3401318292950766e-09,-0.0005137621759770082,2.6589408686701317e-09
96000,farrow7-fir32,0.03,12000.0,1.455396377033242e-08,1.4485641870690448e-09,-0.0002492754063603865,2.2149334455290385e-09
96000,farrow7-fir32,0.03,16000.0,1.837830327321418e-08,-3.158887845504768e-09,0.0012359126275293588,3.802041925332949e-09
96000,farrow7-fir32,0.05,4000.0,-1.0411814499657046e-07,5.741793061212343e-08,0.019854802995938545,5.86558432940089e-08
96000,farrow7-fir32,0.05,8000.0,-4.2456016703232554e-07,-4.55733385172617e-08,-0.0038192340457744722,6.682899447744031e-08
96000,farrow7-fir32,0.05,12000.0,4.5318340527154924e-07,1.2293598628164226e-08,-0.020592400980473484,5.3603438845106584e-08
96000,farrow7-fir32,0.05,16000.0,-3.413689934908945e-07,-8.535159204550134e-08,0.03456844269926311,9.39654530465339e-08
96000,vfd-ls32,0.005,4000.0,-3.8025695632954125e-07,5.511960921429707e-08,0.019599678605154734,7.038995427796526e-08
96000,vfd-ls32,0.005,8000.0,-1.4782951424889447e-06,-4.592893685653214e-08,-0.004796848705447093,1.7628331198461088e-07
96000,vfd-ls32,0.005,12000.0,-2.0088960351958887e-06,1.4979422732644265e-08,-0.018456845086498964,2.3176725292107244e-07
96000,vfd-ls32,0.005,16000.0,-4.598236894472241e-06,-8.588989550950822e-08,0.034128194291702704,5.363136893882934e-07
96000,vfd-ls32,0.015,4000.0,-1.7129202379511247e-07,9.98552412812407e-10,0.00043213356002813445,1.9745987217917208e-08
96000,vfd-ls32,0.015,8000.0,-6.771269564473829e-07,-1.1176105741124447e-09,-0.00024589951080932534,7.796512941379256e-08
96000,vfd-ls32,0.015,12000.0,-1.5059931798397518e-06,6.183179322589785e-10,-9.903065374032918e-05,1.7338495981940434e-07
96000,vfd-ls32,0.015,16000.0,-2.683346700899442e-06,-1.808415308670962e-09,0.0005906220980767939,3.089369508822731e-07
96000,vfd-ls32,0.03,4000.0,-2.688736852028715e-07,2.1478739778833415e-09,0.0009199230326063443,3.1029653746469555e-08
96000,vfd-ls32,0.03,8000.0,-1.0589800530786897e-06,-2.3516758311159545e-09,-0.0005131823954771398,1.2194225526209727e-07
96000,vfd-ls32,0.03,12000.0,-2.344247990956105e-06,1.3752234880567786e-09,-0.00024361717883888273,2.6989499111023535e-07
96000,vfd-ls32,0.03,16000.0,-4.181913057546045e-06,-3.7107710715166853e-09,0.0012796703428082524,4.814747173563165e-07
96000,vfd-ls32,0.05,4000.0,-1.7277071681131982e-07,5.74257936857817e-08,0.019855244848981414,6.077312032911581e-08
96000,vfd-ls32,0.05,8000.0,-6.993372693420345e-07,-4.556551342759103e-08,-0.0038195956204227326,9.251350322280552e-08
96000,vfd-ls32,0.05,12000.0,-1.6515297326799967e-07,1.2325392832878402e-08,-0.02059395970405555,2.2659328501361078e-08
96000,vfd-ls32,0.05,16000.0,-1.4403285444578617e-06,-8.530492571858245e-08,0.034568825781771964,1.8647924182894732e-07
96000,vfd-ls64,0.005,4000.0,-4.3218458202089783e-07,7.858715749398243e-09,-0.003490874701021177,5.037387396802654e-08
96000,vfd-ls64,0.005,8000.0,-1.093958421971126e-06,-1.6801021914496193e-08,-0.005532741087075266,1.270622793048559e-07
96000,vfd-ls64,0.005,12000.0,-2.5273539196627723e-06,1.626103806595382e-08,-0.00552852223238191,2.914263517018648e-07
96000,vfd-ls64,0.005,16000.0,-4.271556726912527e-06,-4.98383648496484e-09,-0.005404251429993149,4.918062742657604e-07
96000,vfd-ls64,0.015,4000.0,-1.7123411496527668e-07,8.422167955819096e-11,-5.801916327203508e-05,1.9714235625266506e-08
96000,vfd-ls64,0.015,8000.0,-6.714430324820214e-07,-3.24227305377578e-10,-0.00010068695043571971,7.730341279555314e-08
96000,vfd-ls64,0.015,12000.0,-1.514996811876506e-06,1.1883743939858978e-10,-7.237264986522524e-05,1.7442047902258104e-07
96000,vfd-ls64,0.015,16000.0,-2.6870410289939585e-06,-1.2259601687167212e-10,-0.00018176015841074936,3.0935700726995486e-07
96000,vfd-ls64,0.03,4000.0,-2.688514786692844e-07,1.897326498478924e-10,-0.0001255600847903035,3.0953251343951264e-08
96000,vfd-ls64,0.03,8000.0,-1.0466143946511189e-06,-6.72313004742225e-10,-0.00021802629756391585,1.2049780346536943e-07
96000,vfd-ls64,0.03,12000.0,-2.363723397527646e-06,3.5362091159345637e-10,-0.00016230712859333953,2.72133905740074e-07
96000,vfd-ls64,0.03,16000.0,-4.188822477780862e-06,-7.567739971200981e-11,-0.00039004656302759136,4.822558992293371e-07
96000,vfd-ls64,0.05,4000.0,-2.3441782119836745e-07,8.61369467051975e-09,-0.0036740758479754214,2.8329608143663343e-08
96000,vfd-ls64,0.05,8000.0,-2.9165475742768133e-07,-1.7365555554393568e-08,-0.005718628248350087,3.78027011305669e-08
96000,vfd-ls64,0.05,12000.0,-6.996554665731433e-07,1.765119744683257e-08,-0.005852976970818248,8.246209795523465e-08
96000,vfd-ls64,0.05,16000.0,-1.036205558448453e-06,-5.742687839574191e-09,-0.00474434472150188,1.1943570589140617e-07
96000,sinc129-noncausal-control,0.005,4000.0,-7.342328283676458e-06,3.862908613900401e-08,0.0500473467960034,8.461985961845629e-07
96000,sinc129-noncausal-control,0.005,8000.0,-7.74313275772009e-06,9.883370245857101e-08,-0.10755369053851133,8.969226732733887e-07
96000,sinc129-noncausal-control,0.005,12000.0,2.1406386354764848e-06,-3.156977341796659e-07,3.049318610115481e-11,4.005031408235396e-07
96000,sinc129-noncausal-control,0.005,16000.0,-9.291882522639876e-06,2.395901084018083e-07,0.2906292004791626,1.0962685155325936e-06
96000,sinc129-noncausal-control,0.015,4000.0,-1.0543983680893266e-07,-8.27830715187847e-09,-0.010723271568120231,1.4693222323846923e-08
96000,sinc129-noncausal-control,0.015,8000.0,-1.1030105695159042e-07,-2.1125412079608062e-08,0.02299518695847002,2.4648418593273676e-08
96000,sinc129-noncausal-control,0.015,12000.0,2.5941959450109495e-08,6.726992653268624e-08,-2.710505431213761e-11,6.733619585819844e-08
96000,sinc129-noncausal-control,0.015,16000.0,-1.2903382027786913e-07,-5.0857749422037396e-08,-0.061659327015860826,5.298300219626352e-08
96000,sinc129-noncausal-control,0.03,4000.0,-4.0719929395991245e-07,-1.6235293674457684e-08,-0.02103056626889528,4.9612203304059036e-08
96000,sinc129-noncausal-control,0.03,8000.0,-4.264623011246302e-07,-4.143750992690865e-08,0.04510435664420659,6.424724729725497e-08
96000,sinc129-noncausal-control,0.03,12000.0,1.0280194959864755e-07,1.319753829679526e-07,3.3881317890172014e-11,1.3250502351979104e-07
96000,sinc129-noncausal-control,0.03,16000.0,-5.007038217551529e-07,-9.98002368862233e-08,-0.12100053234088927,1.152523682113251e-07
96000,sinc129-noncausal-control,0.05,4000.0,-4.758535646655736e-06,4.339284879892122e-08,0.05621612790345735,5.495623160877272e-07
96000,sinc129-noncausal-control,0.05,8000.0,-5.009918502287299e-06,1.1093693522433722e-07,-0.120733923990909,5.873596961873138e-07
96000,sinc129-noncausal-control,0.05,12000.0,1.342259424365827e-06,-3.540329610916668e-07,3.3881317890172014e-11,3.862899296249952e-07
96000,sinc129-noncausal-control,0.05,16000.0,-5.980457113075663e-06,2.6837991870183175e-07,0.32550126121213846,7.389823172324092e-07
