rate,conditioner,kernel,profile,block,mean_us,p95_us,p99_us,max_us,state_bytes,observed_allocations,reset_partition_exact,measured_blocks,total_latency_samples,scope
44100,butter4-fc20000,kaiser-g32,reference,32,6.42,6.6,6.6,6.6,2136152,0,true,5,32,candidate and harness only; not plugin budget
44100,butter4-fc20000,kaiser-g32,reference,64,12.72,12.8,12.8,12.8,2136152,0,true,5,32,candidate and harness only; not plugin budget
44100,butter4-fc20000,kaiser-g32,reference,128,24.88,25.9,25.9,25.9,2136152,0,true,5,32,candidate and harness only; not plugin budget
44100,butter4-fc20000,kaiser-g32,reference,256,47.92,48.9,48.9,48.9,2136152,0,true,5,32,candidate and harness only; not plugin budget
44100,butter4-fc20000,kaiser-g32,reference,257,48.14,49.3,49.3,49.3,2136152,0,true,5,32,candidate and harness only; not plugin budget
44100,butter4-fc20000,kaiser-g32,reference,512,100.06,107.7,107.7,107.7,2136152,0,true,5,32,candidate and harness only; not plugin budget
44100,butter4-fc20000,kaiser-g32,reference,1024,214.9,234.4,234.4,234.4,2136152,0,true,5,32,candidate and harness only; not plugin budget
44100,butter4-fc20000,kaiser-g32,edge,32,6.7,6.9,6.9,6.9,2136152,0,true,5,32,candidate and harness only; not plugin budget
44100,butter4-fc20000,kaiser-g32,edge,64,13.12,13.4,13.4,13.4,2136152,0,true,5,32,candidate and harness only; not plugin budget
44100,butter4-fc20000,kaiser-g32,edge,128,25.46,26.6,26.6,26.6,2136152,0,true,5,32,candidate and harness only; not plugin budget
44100,butter4-fc20000,kaiser-g32,edge,256,48.3,49.3,49.3,49.3,2136152,0,true,5,32,candidate and harness only; not plugin budget
44100,butter4-fc20000,kaiser-g32,edge,257,54.92,81.4,81.4,81.4,2136152,0,true,5,32,candidate and harness only; not plugin budget
44100,butter4-fc20000,kaiser-g32,edge,512,103.44,120.8,120.8,120.8,2136152,0,true,5,32,candidate and harness only; not plugin budget
44100,butter4-fc20000,kaiser-g32,edge,1024,216.78,235.6,235.6,235.6,2136152,0,true,5,32,candidate and harness only; not plugin budget
44100,butter4-fc20000,kaiser-g32,overlap-reference,32,6.4386,6.8,7.1,33,2136152,0,true,500,32,candidate and harness only; not plugin budget
44100,butter4-fc20000,kaiser-g32,overlap-reference,64,13.3066,15.2,22.1,42.3,2136152,0,true,500,32,candidate and harness only; not plugin budget
44100,butter4-fc20000,kaiser-g32,overlap-reference,128,27.4676,51.8,56.5,110.8,2136152,0,true,500,32,candidate and harness only; not plugin budget
44100,butter4-fc20000,kaiser-g32,overlap-reference,256,51.8752,62,79,86,2136152,0,true,500,32,candidate and harness only; not plugin budget
44100,butter4-fc20000,kaiser-g32,overlap-reference,257,52.305,65.2,72.1,79,2136152,0,true,500,32,candidate and harness only; not plugin budget
44100,butter4-fc20000,kaiser-g32,overlap-reference,512,104.609,121.9,137.1,154.6,2136152,0,true,500,32,candidate and harness only; not plugin budget
44100,butter4-fc20000,kaiser-g32,overlap-reference,1024,208.781,242.2,252.9,283.4,2136152,0,true,500,32,candidate and harness only; not plugin budget
44100,butter4-fc20000,kaiser-g32,sustained-edge,32,6.34,6.5,6.5,6.5,2136152,0,true,5,32,candidate and harness only; not plugin budget
44100,butter4-fc20000,kaiser-g32,sustained-edge,64,12.62,12.7,12.7,12.7,2136152,0,true,5,32,candidate and harness only; not plugin budget
44100,butter4-fc20000,kaiser-g32,sustained-edge,128,27.96,42.1,42.1,42.1,2136152,0,true,5,32,candidate and harness only; not plugin budget
44100,butter4-fc20000,kaiser-g32,sustained-edge,256,47.98,49,49,49,2136152,0,true,5,32,candidate and harness only; not plugin budget
44100,butter4-fc20000,kaiser-g32,sustained-edge,257,49.24,53.8,53.8,53.8,2136152,0,true,5,32,candidate and harness only; not plugin budget
44100,butter4-fc20000,kaiser-g32,sustained-edge,512,99.12,106,106,106,2136152,0,true,5,32,candidate and harness only; not plugin budget
44100,butter4-fc20000,kaiser-g32,sustained-edge,1024,200.08,208.5,208.5,208.5,2136152,0,true,5,32,candidate and harness only; not plugin budget
44100,butter6-fc20000,kaiser-g32,reference,32,6.82,6.9,6.9,6.9,2136232,0,true,5,32,candidate and harness only; not plugin budget
44100,butter6-fc20000,kaiser-g32,reference,64,13.68,14,14,14,2136232,0,true,5,32,candidate and harness only; not plugin budget
44100,butter6-fc20000,kaiser-g32,reference,128,25.8,27.4,27.4,27.4,2136232,0,true,5,32,candidate and harness only; not plugin budget
44100,butter6-fc20000,kaiser-g32,reference,256,48.56,49.7,49.7,49.7,2136232,0,true,5,32,candidate and harness only; not plugin budget
44100,butter6-fc20000,kaiser-g32,reference,257,48.92,49.7,49.7,49.7,2136232,0,true,5,32,candidate and harness only; not plugin budget
44100,butter6-fc20000,kaiser-g32,reference,512,100.4,107.2,107.2,107.2,2136232,0,true,5,32,candidate and harness only; not plugin budget
44100,butter6-fc20000,kaiser-g32,reference,1024,220.5,261.2,261.2,261.2,2136232,0,true,5,32,candidate and harness only; not plugin budget
44100,butter6-fc20000,kaiser-g32,edge,32,14.4,14.7,14.7,14.7,2136232,0,true,5,32,candidate and harness only; not plugin budget
44100,butter6-fc20000,kaiser-g32,edge,64,28.78,29.2,29.2,29.2,2136232,0,true,5,32,candidate and harness only; not plugin budget
44100,butter6-fc20000,kaiser-g32,edge,128,40.98,57.9,57.9,57.9,2136232,0,true,5,32,candidate and harness only; not plugin budget
44100,butter6-fc20000,kaiser-g32,edge,256,54.4,64.2,64.2,64.2,2136232,0,true,5,32,candidate and harness only; not plugin budget
44100,butter6-fc20000,kaiser-g32,edge,257,48.88,50.1,50.1,50.1,2136232,0,true,5,32,candidate and harness only; not plugin budget
44100,butter6-fc20000,kaiser-g32,edge,512,105.74,122.1,122.1,122.1,2136232,0,true,5,32,candidate and harness only; not plugin budget
44100,butter6-fc20000,kaiser-g32,edge,1024,220.14,242.9,242.9,242.9,2136232,0,true,5,32,candidate and harness only; not plugin budget
44100,butter6-fc20000,kaiser-g32,overlap-reference,32,6.5108,7,11.2,20.5,2136232,0,true,500,32,candidate and harness only; not plugin budget
44100,butter6-fc20000,kaiser-g32,overlap-reference,64,13.3776,15.2,23.3,53.1,2136232,0,true,500,32,candidate and harness only; not plugin budget
44100,butter6-fc20000,kaiser-g32,overlap-reference,128,26.4008,30.5,40.1,45.4,2136232,0,true,500,32,candidate and harness only; not plugin budget
44100,butter6-fc20000,kaiser-g32,overlap-reference,256,52.9272,64,72.1,84,2136232,0,true,500,32,candidate and harness only; not plugin budget
44100,butter6-fc20000,kaiser-g32,overlap-reference,257,53.3164,65.2,73.1,90.1,2136232,0,true,500,32,candidate and harness only; not plugin budget
44100,butter6-fc20000,kaiser-g32,overlap-reference,512,107.04,124.6,139.7,183.1,2136232,0,true,500,32,candidate and harness only; not plugin budget
44100,butter6-fc20000,kaiser-g32,overlap-reference,1024,210.796,238.4,263.3,285.9,2136232,0,true,500,32,candidate and harness only; not plugin budget
44100,butter6-fc20000,kaiser-g32,sustained-edge,32,14.94,44.2,44.2,44.2,2136232,0,true,5,32,candidate and harness only; not plugin budget
44100,butter6-fc20000,kaiser-g32,sustained-edge,64,13.78,13.9,13.9,13.9,2136232,0,true,5,32,candidate and harness only; not plugin budget
44100,butter6-fc20000,kaiser-g32,sustained-edge,128,29.54,49.6,49.6,49.6,2136232,0,true,5,32,candidate and harness only; not plugin budget
44100,butter6-fc20000,kaiser-g32,sustained-edge,256,48.62,49.6,49.6,49.6,2136232,0,true,5,32,candidate and harness only; not plugin budget
44100,butter6-fc20000,kaiser-g32,sustained-edge,257,49.06,50.1,50.1,50.1,2136232,0,true,5,32,candidate and harness only; not plugin budget
44100,butter6-fc20000,kaiser-g32,sustained-edge,512,101.76,109.4,109.4,109.4,2136232,0,true,5,32,candidate and harness only; not plugin budget
44100,butter6-fc20000,kaiser-g32,sustained-edge,1024,203.04,211.4,211.4,211.4,2136232,0,true,5,32,candidate and harness only; not plugin budget
44100,fir65-fc20000,kaiser-g32,reference,32,8.54,8.7,8.7,8.7,2136512,0,true,5,64,candidate and harness only; not plugin budget
44100,fir65-fc20000,kaiser-g32,reference,64,17.02,17.3,17.3,17.3,2136512,0,true,5,64,candidate and harness only; not plugin budget
44100,fir65-fc20000,kaiser-g32,reference,128,33.94,34.7,34.7,34.7,2136512,0,true,5,64,candidate and harness only; not plugin budget
44100,fir65-fc20000,kaiser-g32,reference,256,68.52,73.1,73.1,73.1,2136512,0,true,5,64,candidate and harness only; not plugin budget
44100,fir65-fc20000,kaiser-g32,reference,257,71.98,87.1,87.1,87.1,2136512,0,true,5,64,candidate and harness only; not plugin budget
44100,fir65-fc20000,kaiser-g32,reference,512,145.98,168.4,168.4,168.4,2136512,0,true,5,64,candidate and harness only; not plugin budget
44100,fir65-fc20000,kaiser-g32,reference,1024,287.9,311.6,311.6,311.6,2136512,0,true,5,64,candidate and harness only; not plugin budget
44100,fir65-fc20000,kaiser-g32,edge,32,8.58,8.6,8.6,8.6,2136512,0,true,5,64,candidate and harness only; not plugin budget
44100,fir65-fc20000,kaiser-g32,edge,64,17.24,17.8,17.8,17.8,2136512,0,true,5,64,candidate and harness only; not plugin budget
44100,fir65-fc20000,kaiser-g32,edge,128,34.46,35.3,35.3,35.3,2136512,0,true,5,64,candidate and harness only; not plugin budget
44100,fir65-fc20000,kaiser-g32,edge,256,68.28,69.3,69.3,69.3,2136512,0,true,5,64,candidate and harness only; not plugin budget
44100,fir65-fc20000,kaiser-g32,edge,257,68.5,69.4,69.4,69.4,2136512,0,true,5,64,candidate and harness only; not plugin budget
44100,fir65-fc20000,kaiser-g32,edge,512,140.92,149.6,149.6,149.6,2136512,0,true,5,64,candidate and harness only; not plugin budget
44100,fir65-fc20000,kaiser-g32,edge,1024,287.8,299.8,299.8,299.8,2136512,0,true,5,64,candidate and harness only; not plugin budget
44100,fir65-fc20000,kaiser-g32,overlap-reference,32,15.996,16.9,33.3,40.5,2136512,0,true,500,64,candidate and harness only; not plugin budget
44100,fir65-fc20000,kaiser-g32,overlap-reference,64,17.9886,18.9,32,41,2136512,0,true,500,64,candidate and harness only; not plugin budget
44100,fir65-fc20000,kaiser-g32,overlap-reference,128,36.3558,38.3,65.1,137.3,2136512,0,true,500,64,candidate and harness only; not plugin budget
44100,fir65-fc20000,kaiser-g32,overlap-reference,256,71.3852,81.2,100,111.4,2136512,0,true,500,64,candidate and harness only; not plugin budget
44100,fir65-fc20000,kaiser-g32,overlap-reference,257,71.711,83.2,102.3,107.3,2136512,0,true,500,64,candidate and harness only; not plugin budget
44100,fir65-fc20000,kaiser-g32,overlap-reference,512,142.712,166,177.6,183.5,2136512,0,true,500,64,candidate and harness only; not plugin budget
44100,fir65-fc20000,kaiser-g32,overlap-reference,1024,286.487,312.7,332,390,2136512,0,true,500,64,candidate and harness only; not plugin budget
44100,fir65-fc20000,kaiser-g32,sustained-edge,32,8.56,8.6,8.6,8.6,2136512,0,true,5,64,candidate and harness only; not plugin budget
44100,fir65-fc20000,kaiser-g32,sustained-edge,64,18,21.9,21.9,21.9,2136512,0,true,5,64,candidate and harness only; not plugin budget
44100,fir65-fc20000,kaiser-g32,sustained-edge,128,34.2,34.6,34.6,34.6,2136512,0,true,5,64,candidate and harness only; not plugin budget
44100,fir65-fc20000,kaiser-g32,sustained-edge,256,71.28,84.1,84.1,84.1,2136512,0,true,5,64,candidate and harness only; not plugin budget
44100,fir65-fc20000,kaiser-g32,sustained-edge,257,69.14,71.3,71.3,71.3,2136512,0,true,5,64,candidate and harness only; not plugin budget
44100,fir65-fc20000,kaiser-g32,sustained-edge,512,148.34,154.8,154.8,154.8,2136512,0,true,5,64,candidate and harness only; not plugin budget
44100,fir65-fc20000,kaiser-g32,sustained-edge,1024,290.16,319.4,319.4,319.4,2136512,0,true,5,64,candidate and harness only; not plugin budget
48000,butter4-fc20000,kaiser-g16,reference,32,8.12,8.2,8.2,8.2,1087320,0,true,5,16,candidate and harness only; not plugin budget
48000,butter4-fc20000,kaiser-g16,reference,64,15.94,16.3,16.3,16.3,1087320,0,true,5,16,candidate and harness only; not plugin budget
48000,butter4-fc20000,kaiser-g16,reference,128,32.34,32.6,32.6,32.6,1087320,0,true,5,16,candidate and harness only; not plugin budget
48000,butter4-fc20000,kaiser-g16,reference,256,31.5,32,32,32,1087320,0,true,5,16,candidate and harness only; not plugin budget
48000,butter4-fc20000,kaiser-g16,reference,257,31.24,31.8,31.8,31.8,1087320,0,true,5,16,candidate and harness only; not plugin budget
48000,butter4-fc20000,kaiser-g16,reference,512,67.84,82.5,82.5,82.5,1087320,0,true,5,16,candidate and harness only; not plugin budget
48000,butter4-fc20000,kaiser-g16,reference,1024,132.36,145,145,145,1087320,0,true,5,16,candidate and harness only; not plugin budget
48000,butter4-fc20000,kaiser-g16,edge,32,3.94,4,4,4,1087320,0,true,5,16,candidate and harness only; not plugin budget
48000,butter4-fc20000,kaiser-g16,edge,64,8.02,8.2,8.2,8.2,1087320,0,true,5,16,candidate and harness only; not plugin budget
48000,butter4-fc20000,kaiser-g16,edge,128,15.64,15.7,15.7,15.7,1087320,0,true,5,16,candidate and harness only; not plugin budget
48000,butter4-fc20000,kaiser-g16,edge,256,31.5,31.9,31.9,31.9,1087320,0,true,5,16,candidate and harness only; not plugin budget
48000,butter4-fc20000,kaiser-g16,edge,257,32.36,32.8,32.8,32.8,1087320,0,true,5,16,candidate and harness only; not plugin budget
48000,butter4-fc20000,kaiser-g16,edge,512,67.48,72.4,72.4,72.4,1087320,0,true,5,16,candidate and harness only; not plugin budget
48000,butter4-fc20000,kaiser-g16,edge,1024,130.94,143.7,143.7,143.7,1087320,0,true,5,16,candidate and harness only; not plugin budget
48000,butter4-fc20000,kaiser-g16,overlap-reference,32,3.8644,4.4,7.5,34.9,1087320,0,true,500,16,candidate and harness only; not plugin budget
48000,butter4-fc20000,kaiser-g16,overlap-reference,64,9.1878,16,16.7,38.1,1087320,0,true,500,16,candidate and harness only; not plugin budget
48000,butter4-fc20000,kaiser-g16,overlap-reference,128,16.8408,30.7,33,48.7,1087320,0,true,500,16,candidate and harness only; not plugin budget
48000,butter4-fc20000,kaiser-g16,overlap-reference,256,35.4914,63.9,68,94,1087320,0,true,500,16,candidate and harness only; not plugin budget
48000,butter4-fc20000,kaiser-g16,overlap-reference,257,35.4418,64.3,66.9,91.5,1087320,0,true,500,16,candidate and harness only; not plugin budget
48000,butter4-fc20000,kaiser-g16,overlap-reference,512,68.5316,123.9,140.9,160.8,1087320,0,true,500,16,candidate and harness only; not plugin budget
48000,butter4-fc20000,kaiser-g16,overlap-reference,1024,129.713,167,257.5,409.4,1087320,0,true,500,16,candidate and harness only; not plugin budget
48000,butter4-fc20000,kaiser-g16,sustained-edge,32,3.74,4.2,4.2,4.2,1087320,0,true,5,16,candidate and harness only; not plugin budget
48000,butter4-fc20000,kaiser-g16,sustained-edge,64,7.04,7.1,7.1,7.1,1087320,0,true,5,16,candidate and harness only; not plugin budget
48000,butter4-fc20000,kaiser-g16,sustained-edge,128,14.1,14.2,14.2,14.2,1087320,0,true,5,16,candidate and harness only; not plugin budget
48000,butter4-fc20000,kaiser-g16,sustained-edge,256,27.94,28,28,28,1087320,0,true,5,16,candidate and harness only; not plugin budget
48000,butter4-fc20000,kaiser-g16,sustained-edge,257,28.06,28.3,28.3,28.3,1087320,0,true,5,16,candidate and harness only; not plugin budget
48000,butter4-fc20000,kaiser-g16,sustained-edge,512,57.86,63.5,63.5,63.5,1087320,0,true,5,16,candidate and harness only; not plugin budget
48000,butter4-fc20000,kaiser-g16,sustained-edge,1024,117.14,133.4,133.4,133.4,1087320,0,true,5,16,candidate and harness only; not plugin budget
48000,butter6-fc20000,kaiser-g16,reference,32,4.28,4.3,4.3,4.3,1087400,0,true,5,16,candidate and harness only; not plugin budget
48000,butter6-fc20000,kaiser-g16,reference,64,8.58,8.6,8.6,8.6,1087400,0,true,5,16,candidate and harness only; not plugin budget
48000,butter6-fc20000,kaiser-g16,reference,128,17.3,17.4,17.4,17.4,1087400,0,true,5,16,candidate and harness only; not plugin budget
48000,butter6-fc20000,kaiser-g16,reference,256,34.38,34.6,34.6,34.6,1087400,0,true,5,16,candidate and harness only; not plugin budget
48000,butter6-fc20000,kaiser-g16,reference,257,55.38,56.5,56.5,56.5,1087400,0,true,5,16,candidate and harness only; not plugin budget
48000,butter6-fc20000,kaiser-g16,reference,512,69.96,74.1,74.1,74.1,1087400,0,true,5,16,candidate and harness only; not plugin budget
48000,butter6-fc20000,kaiser-g16,reference,1024,135.04,153.8,153.8,153.8,1087400,0,true,5,16,candidate and harness only; not plugin budget
48000,butter6-fc20000,kaiser-g16,edge,32,7.72,7.8,7.8,7.8,1087400,0,true,5,16,candidate and harness only; not plugin budget
48000,butter6-fc20000,kaiser-g16,edge,64,8.38,8.5,8.5,8.5,1087400,0,true,5,16,candidate and harness only; not plugin budget
48000,butter6-fc20000,kaiser-g16,edge,128,17.36,17.5,17.5,17.5,1087400,0,true,5,16,candidate and harness only; not plugin budget
48000,butter6-fc20000,kaiser-g16,edge,256,56.04,57,57,57,1087400,0,true,5,16,candidate and harness only; not plugin budget
48000,butter6-fc20000,kaiser-g16,edge,257,61.82,62.4,62.4,62.4,1087400,0,true,5,16,candidate and harness only; not plugin budget
48000,butter6-fc20000,kaiser-g16,edge,512,117.28,122.8,122.8,122.8,1087400,0,true,5,16,candidate and harness only; not plugin budget
48000,butter6-fc20000,kaiser-g16,edge,1024,226.48,253.2,253.2,253.2,1087400,0,true,5,16,candidate and harness only; not plugin budget
48000,butter6-fc20000,kaiser-g16,overlap-reference,32,3.8484,4.3,4.8,30.4,1087400,0,true,500,16,candidate and harness only; not plugin budget
48000,butter6-fc20000,kaiser-g16,overlap-reference,64,8.3902,11.3,14,53,1087400,0,true,500,16,candidate and harness only; not plugin budget
48000,butter6-fc20000,kaiser-g16,overlap-reference,128,15.7864,17.7,27.8,54.7,1087400,0,true,500,16,candidate and harness only; not plugin budget
48000,butter6-fc20000,kaiser-g16,overlap-reference,256,31.6688,38.3,57.5,67,1087400,0,true,500,16,candidate and harness only; not plugin budget
48000,butter6-fc20000,kaiser-g16,overlap-reference,257,32.024,40,62.3,71.7,1087400,0,true,500,16,candidate and harness only; not plugin budget
48000,butter6-fc20000,kaiser-g16,overlap-reference,512,62.8446,81.6,95.6,100.7,1087400,0,true,500,16,candidate and harness only; not plugin budget
48000,butter6-fc20000,kaiser-g16,overlap-reference,1024,142.062,212.6,242.4,257.1,1087400,0,true,500,16,candidate and harness only; not plugin budget
48000,butter6-fc20000,kaiser-g16,sustained-edge,32,3.76,4.3,4.3,4.3,1087400,0,true,5,16,candidate and harness only; not plugin budget
48000,butter6-fc20000,kaiser-g16,sustained-edge,64,7.1,7.2,7.2,7.2,1087400,0,true,5,16,candidate and harness only; not plugin budget
48000,butter6-fc20000,kaiser-g16,sustained-edge,128,14.18,14.3,14.3,14.3,1087400,0,true,5,16,candidate and harness only; not plugin budget
48000,butter6-fc20000,kaiser-g16,sustained-edge,256,32.22,47.9,47.9,47.9,1087400,0,true,5,16,candidate and harness only; not plugin budget
48000,butter6-fc20000,kaiser-g16,sustained-edge,257,35.54,47.1,47.1,47.1,1087400,0,true,5,16,candidate and harness only; not plugin budget
48000,butter6-fc20000,kaiser-g16,sustained-edge,512,57.88,61.3,61.3,61.3,1087400,0,true,5,16,candidate and harness only; not plugin budget
48000,butter6-fc20000,kaiser-g16,sustained-edge,1024,129.58,163.5,163.5,163.5,1087400,0,true,5,16,candidate and harness only; not plugin budget
48000,fir65-fc20000,kaiser-g16,reference,32,6,6,6,6,1087680,0,true,5,48,candidate and harness only; not plugin budget
48000,fir65-fc20000,kaiser-g16,reference,64,11.9,11.9,11.9,11.9,1087680,0,true,5,48,candidate and harness only; not plugin budget
48000,fir65-fc20000,kaiser-g16,reference,128,23.78,23.9,23.9,23.9,1087680,0,true,5,48,candidate and harness only; not plugin budget
48000,fir65-fc20000,kaiser-g16,reference,256,47.44,47.5,47.5,47.5,1087680,0,true,5,48,candidate and harness only; not plugin budget
48000,fir65-fc20000,kaiser-g16,reference,257,47.6,47.8,47.8,47.8,1087680,0,true,5,48,candidate and harness only; not plugin budget
48000,fir65-fc20000,kaiser-g16,reference,512,103.1,117.4,117.4,117.4,1087680,0,true,5,48,candidate and harness only; not plugin budget
48000,fir65-fc20000,kaiser-g16,reference,1024,208.52,223.6,223.6,223.6,1087680,0,true,5,48,candidate and harness only; not plugin budget
48000,fir65-fc20000,kaiser-g16,edge,32,10.98,11.1,11.1,11.1,1087680,0,true,5,48,candidate and harness only; not plugin budget
48000,fir65-fc20000,kaiser-g16,edge,64,11.98,12.1,12.1,12.1,1087680,0,true,5,48,candidate and harness only; not plugin budget
48000,fir65-fc20000,kaiser-g16,edge,128,23.8,23.9,23.9,23.9,1087680,0,true,5,48,candidate and harness only; not plugin budget
48000,fir65-fc20000,kaiser-g16,edge,256,51.68,67.5,67.5,67.5,1087680,0,true,5,48,candidate and harness only; not plugin budget
48000,fir65-fc20000,kaiser-g16,edge,257,51.46,64.8,64.8,64.8,1087680,0,true,5,48,candidate and harness only; not plugin budget
48000,fir65-fc20000,kaiser-g16,edge,512,108.14,123.3,123.3,123.3,1087680,0,true,5,48,candidate and harness only; not plugin budget
48000,fir65-fc20000,kaiser-g16,edge,1024,207.2,229.6,229.6,229.6,1087680,0,true,5,48,candidate and harness only; not plugin budget
48000,fir65-fc20000,kaiser-g16,overlap-reference,32,6.5502,10.2,11.9,34.7,1087680,0,true,500,48,candidate and harness only; not plugin budget
48000,fir65-fc20000,kaiser-g16,overlap-reference,64,13.4362,20.8,23.6,54.4,1087680,0,true,500,48,candidate and harness only; not plugin budget
48000,fir65-fc20000,kaiser-g16,overlap-reference,128,41.9562,67,70.4,120.1,1087680,0,true,500,48,candidate and harness only; not plugin budget
48000,fir65-fc20000,kaiser-g16,overlap-reference,256,53.4246,69.3,79,212.7,1087680,0,true,500,48,candidate and harness only; not plugin budget
48000,fir65-fc20000,kaiser-g16,overlap-reference,257,50.5008,54.2,78.6,152.7,1087680,0,true,500,48,candidate and harness only; not plugin budget
48000,fir65-fc20000,kaiser-g16,overlap-reference,512,101.187,123.7,142.3,211,1087680,0,true,500,48,candidate and harness only; not plugin budget
48000,fir65-fc20000,kaiser-g16,overlap-reference,1024,205.764,237.9,325.5,376,1087680,0,true,500,48,candidate and harness only; not plugin budget
48000,fir65-fc20000,kaiser-g16,sustained-edge,32,5.96,6,6,6,1087680,0,true,5,48,candidate and harness only; not plugin budget
48000,fir65-fc20000,kaiser-g16,sustained-edge,64,11.94,12,12,12,1087680,0,true,5,48,candidate and harness only; not plugin budget
48000,fir65-fc20000,kaiser-g16,sustained-edge,128,23.98,24.6,24.6,24.6,1087680,0,true,5,48,candidate and harness only; not plugin budget
48000,fir65-fc20000,kaiser-g16,sustained-edge,256,47.68,48,48,48,1087680,0,true,5,48,candidate and harness only; not plugin budget
48000,fir65-fc20000,kaiser-g16,sustained-edge,257,47.96,48.2,48.2,48.2,1087680,0,true,5,48,candidate and harness only; not plugin budget
48000,fir65-fc20000,kaiser-g16,sustained-edge,512,103.12,112.7,112.7,112.7,1087680,0,true,5,48,candidate and harness only; not plugin budget
48000,fir65-fc20000,kaiser-g16,sustained-edge,1024,218.32,280.7,280.7,280.7,1087680,0,true,5,48,candidate and harness only; not plugin budget
96000,butter4-fc20000,kaiser-g8,reference,32,2.22,2.3,2.3,2.3,562904,0,true,5,8,candidate and harness only; not plugin budget
96000,butter4-fc20000,kaiser-g8,reference,64,4.54,5.1,5.1,5.1,562904,0,true,5,8,candidate and harness only; not plugin budget
96000,butter4-fc20000,kaiser-g8,reference,128,8.84,8.9,8.9,8.9,562904,0,true,5,8,candidate and harness only; not plugin budget
96000,butter4-fc20000,kaiser-g8,reference,256,17.86,18.1,18.1,18.1,562904,0,true,5,8,candidate and harness only; not plugin budget
96000,butter4-fc20000,kaiser-g8,reference,257,17.96,18.3,18.3,18.3,562904,0,true,5,8,candidate and harness only; not plugin budget
96000,butter4-fc20000,kaiser-g8,reference,512,38.24,47.9,47.9,47.9,562904,0,true,5,8,candidate and harness only; not plugin budget
96000,butter4-fc20000,kaiser-g8,reference,1024,72.3,74.8,74.8,74.8,562904,0,true,5,8,candidate and harness only; not plugin budget
96000,butter4-fc20000,kaiser-g8,edge,32,2.22,2.3,2.3,2.3,562904,0,true,5,8,candidate and harness only; not plugin budget
96000,butter4-fc20000,kaiser-g8,edge,64,4.4,4.4,4.4,4.4,562904,0,true,5,8,candidate and harness only; not plugin budget
96000,butter4-fc20000,kaiser-g8,edge,128,8.8,8.9,8.9,8.9,562904,0,true,5,8,candidate and harness only; not plugin budget
96000,butter4-fc20000,kaiser-g8,edge,256,23.06,35.9,35.9,35.9,562904,0,true,5,8,candidate and harness only; not plugin budget
96000,butter4-fc20000,kaiser-g8,edge,257,21.1,34.7,34.7,34.7,562904,0,true,5,8,candidate and harness only; not plugin budget
96000,butter4-fc20000,kaiser-g8,edge,512,39.5,55.8,55.8,55.8,562904,0,true,5,8,candidate and harness only; not plugin budget
96000,butter4-fc20000,kaiser-g8,edge,1024,74.92,87.7,87.7,87.7,562904,0,true,5,8,candidate and harness only; not plugin budget
96000,butter4-fc20000,kaiser-g8,overlap-reference,32,2.3966,2.6,3.6,40.1,562904,0,true,500,8,candidate and harness only; not plugin budget
96000,butter4-fc20000,kaiser-g8,overlap-reference,64,5.5612,7.3,9,52.2,562904,0,true,500,8,candidate and harness only; not plugin budget
96000,butter4-fc20000,kaiser-g8,overlap-reference,128,9.1478,9.7,10.2,39.4,562904,0,true,500,8,candidate and harness only; not plugin budget
96000,butter4-fc20000,kaiser-g8,overlap-reference,256,18.299,18.7,23,52.2,562904,0,true,500,8,candidate and harness only; not plugin budget
96000,butter4-fc20000,kaiser-g8,overlap-reference,257,18.4162,18.8,23.9,45.9,562904,0,true,500,8,candidate and harness only; not plugin budget
96000,butter4-fc20000,kaiser-g8,overlap-reference,512,36.3282,36.7,63.5,68.5,562904,0,true,500,8,candidate and harness only; not plugin budget
96000,butter4-fc20000,kaiser-g8,overlap-reference,1024,72.3488,77.7,103.1,107.2,562904,0,true,500,8,candidate and harness only; not plugin budget
96000,butter4-fc20000,kaiser-g8,sustained-edge,32,2.22,2.3,2.3,2.3,562904,0,true,5,8,candidate and harness only; not plugin budget
96000,butter4-fc20000,kaiser-g8,sustained-edge,64,6.96,7.1,7.1,7.1,562904,0,true,5,8,candidate and harness only; not plugin budget
96000,butter4-fc20000,kaiser-g8,sustained-edge,128,8.98,9.6,9.6,9.6,562904,0,true,5,8,candidate and harness only; not plugin budget
96000,butter4-fc20000,kaiser-g8,sustained-edge,256,17.72,18.4,18.4,18.4,562904,0,true,5,8,candidate and harness only; not plugin budget
96000,butter4-fc20000,kaiser-g8,sustained-edge,257,19.16,24.1,24.1,24.1,562904,0,true,5,8,candidate and harness only; not plugin budget
96000,butter4-fc20000,kaiser-g8,sustained-edge,512,35.38,36,36,36,562904,0,true,5,8,candidate and harness only; not plugin budget
96000,butter4-fc20000,kaiser-g8,sustained-edge,1024,70.86,71.4,71.4,71.4,562904,0,true,5,8,candidate and harness only; not plugin budget
96000,raw-control,kaiser-g64,reference,32,11.38,11.5,11.5,11.5,4233664,0,true,5,64,candidate and harness only; not plugin budget
96000,raw-control,kaiser-g64,reference,64,22.68,23.1,23.1,23.1,4233664,0,true,5,64,candidate and harness only; not plugin budget
96000,raw-control,kaiser-g64,reference,128,43.8,44.7,44.7,44.7,4233664,0,true,5,64,candidate and harness only; not plugin budget
96000,raw-control,kaiser-g64,reference,256,88.7,92.1,92.1,92.1,4233664,0,true,5,64,candidate and harness only; not plugin budget
96000,raw-control,kaiser-g64,reference,257,159.38,168,168,168,4233664,0,true,5,64,candidate and harness only; not plugin budget
96000,raw-control,kaiser-g64,reference,512,175.34,178.3,178.3,178.3,4233664,0,true,5,64,candidate and harness only; not plugin budget
96000,raw-control,kaiser-g64,reference,1024,393.54,510.1,510.1,510.1,4233664,0,true,5,64,candidate and harness only; not plugin budget
96000,raw-control,kaiser-g64,edge,32,11.34,11.4,11.4,11.4,4233664,0,true,5,64,candidate and harness only; not plugin budget
96000,raw-control,kaiser-g64,edge,64,22.52,22.8,22.8,22.8,4233664,0,true,5,64,candidate and harness only; not plugin budget
96000,raw-control,kaiser-g64,edge,128,43.88,44.8,44.8,44.8,4233664,0,true,5,64,candidate and harness only; not plugin budget
96000,raw-control,kaiser-g64,edge,256,87.94,91.1,91.1,91.1,4233664,0,true,5,64,candidate and harness only; not plugin budget
96000,raw-control,kaiser-g64,edge,257,88.16,91.9,91.9,91.9,4233664,0,true,5,64,candidate and harness only; not plugin budget
96000,raw-control,kaiser-g64,edge,512,173.58,176.1,176.1,176.1,4233664,0,true,5,64,candidate and harness only; not plugin budget
96000,raw-control,kaiser-g64,edge,1024,366.28,391.4,391.4,391.4,4233664,0,true,5,64,candidate and harness only; not plugin budget
96000,raw-control,kaiser-g64,overlap-reference,32,11.6858,11.9,21.8,31.9,4233664,0,true,500,64,candidate and harness only; not plugin budget
96000,raw-control,kaiser-g64,overlap-reference,64,23.4236,28.4,41.7,57.2,4233664,0,true,500,64,candidate and harness only; not plugin budget
96000,raw-control,kaiser-g64,overlap-reference,128,46.9646,61.7,74.1,90.7,4233664,0,true,500,64,candidate and harness only; not plugin budget
96000,raw-control,kaiser-g64,overlap-reference,256,92.867,115.9,130.5,211.5,4233664,0,true,500,64,candidate and harness only; not plugin budget
96000,raw-control,kaiser-g64,overlap-reference,257,92.8162,114.5,125.1,133.3,4233664,0,true,500,64,candidate and harness only; not plugin budget
96000,raw-control,kaiser-g64,overlap-reference,512,184.412,209.8,219.9,240.2,4233664,0,true,500,64,candidate and harness only; not plugin budget
96000,raw-control,kaiser-g64,overlap-reference,1024,415.37,693.5,715.3,829.5,4233664,0,true,500,64,candidate and harness only; not plugin budget
96000,raw-control,kaiser-g64,sustained-edge,32,11.5,12,12,12,4233664,0,true,5,64,candidate and harness only; not plugin budget
96000,raw-control,kaiser-g64,sustained-edge,64,24.84,32.6,32.6,32.6,4233664,0,true,5,64,candidate and harness only; not plugin budget
96000,raw-control,kaiser-g64,sustained-edge,128,44.6,45.7,45.7,45.7,4233664,0,true,5,64,candidate and harness only; not plugin budget
96000,raw-control,kaiser-g64,sustained-edge,256,88.38,92.1,92.1,92.1,4233664,0,true,5,64,candidate and harness only; not plugin budget
96000,raw-control,kaiser-g64,sustained-edge,257,92.52,106.8,106.8,106.8,4233664,0,true,5,64,candidate and harness only; not plugin budget
96000,raw-control,kaiser-g64,sustained-edge,512,182.78,205,205,205,4233664,0,true,5,64,candidate and harness only; not plugin budget
96000,raw-control,kaiser-g64,sustained-edge,1024,367.46,382.7,382.7,382.7,4233664,0,true,5,64,candidate and harness only; not plugin budget
