rate,reference_rate,kernel,frequency_hz,common_time_error_rms,pair_budget_pass
44100,96000,lagrange-g0,1000.0,5.678862759889485e-06,True
44100,96000,lagrange-g0,2000.0,9.037431430641499e-05,True
44100,96000,lagrange-g0,4000.0,0.0014079921023841722,True
44100,96000,lagrange-g0,8000.0,0.02047794621356798,False
44100,96000,lagrange-g0,12000.0,0.0971190618699095,False
44100,96000,lagrange-g0,16000.0,0.22512577682142834,False
44100,96000,lagrange-g0,18000.0,0.11823421737551229,False
44100,96000,lagrange-g0,20000.0,0.41057906056953963,False
44100,96000,lagrange-g8,1000.0,1.1013455010039187e-13,True
44100,96000,lagrange-g8,2000.0,2.2635728861268268e-13,True
44100,96000,lagrange-g8,4000.0,3.658102392435943e-11,True
44100,96000,lagrange-g8,8000.0,2.67096787196575e-06,True
44100,96000,lagrange-g8,12000.0,0.0011813955987679701,True
44100,96000,lagrange-g8,16000.0,0.032385174431980655,False
44100,96000,lagrange-g8,18000.0,0.13843994682909838,False
44100,96000,lagrange-g8,20000.0,0.2368666767876811,False
44100,96000,hann-g8,1000.0,6.151150903962649e-05,True
44100,96000,hann-g8,2000.0,0.0001690152242321857,True
44100,96000,hann-g8,4000.0,0.00021928014870499295,True
44100,96000,hann-g8,8000.0,0.00033372997608086154,True
44100,96000,hann-g8,12000.0,0.00016445180748295182,True
44100,96000,hann-g8,16000.0,0.004423515778350293,True
44100,96000,hann-g8,18000.0,0.01430817173352213,True
44100,96000,hann-g8,20000.0,0.14078954412771927,False
44100,96000,kaiser-g8,1000.0,2.816112722640951e-05,True
44100,96000,kaiser-g8,2000.0,3.1105333431165824e-05,True
44100,96000,kaiser-g8,4000.0,3.8018657631383764e-05,True
44100,96000,kaiser-g8,8000.0,3.5228524141827104e-05,True
44100,96000,kaiser-g8,12000.0,1.592214924995459e-05,True
44100,96000,kaiser-g8,16000.0,0.0024572785521985996,True
44100,96000,kaiser-g8,18000.0,0.04847394331828708,False
44100,96000,kaiser-g8,20000.0,0.17181364630554163,False
44100,96000,lagrange-g16,1000.0,1.1147588881107187e-13,True
44100,96000,lagrange-g16,2000.0,2.2816759169203734e-13,True
44100,96000,lagrange-g16,4000.0,4.180987936326774e-13,True
44100,96000,lagrange-g16,8000.0,9.873717348398838e-11,True
44100,96000,lagrange-g16,12000.0,9.46478928722478e-06,True
44100,96000,lagrange-g16,16000.0,0.005316060616294426,True
44100,96000,lagrange-g16,18000.0,0.056136772416210866,False
44100,96000,lagrange-g16,20000.0,0.17118570885652554,False
44100,96000,hann-g16,1000.0,2.0248225508799954e-05,True
44100,96000,hann-g16,2000.0,2.6118829591998866e-05,True
44100,96000,hann-g16,4000.0,2.7532808309089583e-05,True
44100,96000,hann-g16,8000.0,5.3483641928517133e-05,True
44100,96000,hann-g16,12000.0,8.853310847513888e-05,True
44100,96000,hann-g16,16000.0,0.0002831787295264364,True
44100,96000,hann-g16,18000.0,0.0019374729386857261,True
44100,96000,hann-g16,20000.0,0.01017264986245318,True
44100,96000,kaiser-g16,1000.0,2.0223998244115122e-05,True
44100,96000,kaiser-g16,2000.0,2.13268377162771e-05,True
44100,96000,kaiser-g16,4000.0,1.7080644740971606e-05,True
44100,96000,kaiser-g16,8000.0,3.708924763828719e-05,True
44100,96000,kaiser-g16,12000.0,3.7282219287131706e-05,True
44100,96000,kaiser-g16,16000.0,1.4457806580067778e-05,True
44100,96000,kaiser-g16,18000.0,3.0339121467919153e-05,True
44100,96000,kaiser-g16,20000.0,0.03679844324224997,False
44100,96000,lagrange-g32,1000.0,1.1285112440818149e-13,True
44100,96000,lagrange-g32,2000.0,2.2975832198228207e-13,True
44100,96000,lagrange-g32,4000.0,4.2325684525127844e-13,True
44100,96000,lagrange-g32,8000.0,8.712942899553931e-13,True
44100,96000,lagrange-g32,12000.0,8.263331978432337e-10,True
44100,96000,lagrange-g32,16000.0,0.00018342935280804012,True
44100,96000,lagrange-g32,18000.0,0.011194579368626303,True
44100,96000,lagrange-g32,20000.0,0.1009477696086934,False
44100,96000,hann-g32,1000.0,3.2321318994496264e-06,True
44100,96000,hann-g32,2000.0,3.2287250473138647e-06,True
44100,96000,hann-g32,4000.0,4.67538754968158e-06,True
44100,96000,hann-g32,8000.0,4.545615125093076e-06,True
44100,96000,hann-g32,12000.0,5.9841809920208945e-06,True
44100,96000,hann-g32,16000.0,4.218146227947472e-05,True
44100,96000,hann-g32,18000.0,0.00022151450419348508,True
44100,96000,hann-g32,20000.0,0.0015439867162558077,True
44100,96000,kaiser-g32,1000.0,1.1173744217315733e-05,True
44100,96000,kaiser-g32,2000.0,9.84463391023705e-06,True
44100,96000,kaiser-g32,4000.0,1.834641745949631e-05,True
44100,96000,kaiser-g32,8000.0,1.4614654310228895e-05,True
44100,96000,kaiser-g32,12000.0,1.1121678667562326e-05,True
44100,96000,kaiser-g32,16000.0,1.7689868409900606e-05,True
44100,96000,kaiser-g32,18000.0,3.6011666592747e-05,True
44100,96000,kaiser-g32,20000.0,8.736035877099447e-06,True
44100,96000,lagrange-g64,1000.0,1.1392778126891184e-13,True
44100,96000,lagrange-g64,2000.0,2.307891427323768e-13,True
44100,96000,lagrange-g64,4000.0,4.2728571108910815e-13,True
44100,96000,lagrange-g64,8000.0,8.766196000538296e-13,True
44100,96000,lagrange-g64,12000.0,9.75330803592374e-13,True
44100,96000,lagrange-g64,16000.0,2.8848867268963184e-07,True
44100,96000,lagrange-g64,18000.0,0.0005615370554362397,True
44100,96000,lagrange-g64,20000.0,0.04074953098822683,False
44100,96000,hann-g64,1000.0,3.978707950527514e-07,True
44100,96000,hann-g64,2000.0,5.411506460238072e-07,True
44100,96000,hann-g64,4000.0,4.7497495527480025e-07,True
44100,96000,hann-g64,8000.0,5.445208711940688e-07,True
44100,96000,hann-g64,12000.0,1.6111141105150664e-06,True
44100,96000,hann-g64,16000.0,1.3692535909498341e-06,True
44100,96000,hann-g64,18000.0,2.1123606769980222e-05,True
44100,96000,hann-g64,20000.0,0.00019270931337803785,True
44100,96000,kaiser-g64,1000.0,5.136018799893386e-06,True
44100,96000,kaiser-g64,2000.0,8.967249783110048e-06,True
44100,96000,kaiser-g64,4000.0,7.094996386106024e-06,True
44100,96000,kaiser-g64,8000.0,5.211617518957344e-06,True
44100,96000,kaiser-g64,12000.0,1.3104317526722231e-05,True
44100,96000,kaiser-g64,16000.0,6.294774978158129e-06,True
44100,96000,kaiser-g64,18000.0,7.5755138616781675e-06,True
44100,96000,kaiser-g64,20000.0,1.4151644381224634e-05,True
48000,96000,lagrange-g0,1000.0,3.9719259534313385e-06,True
48000,96000,lagrange-g0,2000.0,6.32678253814324e-05,True
48000,96000,lagrange-g0,4000.0,0.0009902303552241968,True
48000,96000,lagrange-g0,8000.0,0.01463709540232653,False
48000,96000,lagrange-g0,12000.0,0.07803608385577296,False
48000,96000,lagrange-g0,16000.0,0.1717129369250117,False
48000,96000,lagrange-g0,18000.0,0.07429417793203646,False
48000,96000,lagrange-g0,20000.0,0.3299999818614072,False
48000,96000,lagrange-g8,1000.0,6.051381484673601e-14,True
48000,96000,lagrange-g8,2000.0,1.2610432712219778e-13,True
48000,96000,lagrange-g8,4000.0,9.704463182641703e-12,True
48000,96000,lagrange-g8,8000.0,7.765860075448982e-07,True
48000,96000,lagrange-g8,12000.0,0.0003239000629661276,True
48000,96000,lagrange-g8,16000.0,0.013729830334430463,True
48000,96000,lagrange-g8,18000.0,0.061145515574654835,False
48000,96000,lagrange-g8,20000.0,0.13317467461294497,False
48000,96000,hann-g8,1000.0,5.5190661279944464e-05,True
48000,96000,hann-g8,2000.0,0.000158796125551515,True
48000,96000,hann-g8,4000.0,0.000177904587550825,True
48000,96000,hann-g8,8000.0,0.00021880865326401186,True
48000,96000,hann-g8,12000.0,0.0003140220025820205,True
48000,96000,hann-g8,16000.0,0.00040825152483928146,True
48000,96000,hann-g8,18000.0,0.006025417840797755,True
48000,96000,hann-g8,20000.0,0.02653243452852589,False
48000,96000,kaiser-g8,1000.0,2.551609481742134e-05,True
48000,96000,kaiser-g8,2000.0,2.986141686574666e-05,True
48000,96000,kaiser-g8,4000.0,4.034914573951581e-05,True
48000,96000,kaiser-g8,8000.0,4.030592683091378e-05,True
48000,96000,kaiser-g8,12000.0,2.816950266135081e-05,True
48000,96000,kaiser-g8,16000.0,6.57456514173799e-05,True
48000,96000,kaiser-g8,18000.0,0.0070443729119129455,True
48000,96000,kaiser-g8,20000.0,0.05963705100874719,False
48000,96000,lagrange-g16,1000.0,6.19709143400243e-14,True
48000,96000,lagrange-g16,2000.0,1.289433459120773e-13,True
48000,96000,lagrange-g16,4000.0,2.4926906450673307e-13,True
48000,96000,lagrange-g16,8000.0,8.488503145598876e-12,True
48000,96000,lagrange-g16,12000.0,9.132853532130647e-07,True
48000,96000,lagrange-g16,16000.0,0.0010309278255760362,True
48000,96000,lagrange-g16,18000.0,0.013188273077747366,True
48000,96000,lagrange-g16,20000.0,0.06167745784589824,False
48000,96000,hann-g16,1000.0,1.9074820194389186e-05,True
48000,96000,hann-g16,2000.0,2.1424736704070957e-05,True
48000,96000,hann-g16,4000.0,2.1643800351580528e-05,True
48000,96000,hann-g16,8000.0,2.4544184816488662e-05,True
48000,96000,hann-g16,12000.0,3.952052910044594e-05,True
48000,96000,hann-g16,16000.0,0.00018663937630542505,True
48000,96000,hann-g16,18000.0,0.0006942514113837235,True
48000,96000,hann-g16,20000.0,0.00043214550228224324,True
48000,96000,kaiser-g16,1000.0,1.9081127260818117e-05,True
48000,96000,kaiser-g16,2000.0,1.6121685863282828e-05,True
48000,96000,kaiser-g16,4000.0,1.613856966255534e-05,True
48000,96000,kaiser-g16,8000.0,2.3140408642641266e-05,True
48000,96000,kaiser-g16,12000.0,5.255563207279044e-06,True
48000,96000,kaiser-g16,16000.0,2.4283691852737217e-05,True
48000,96000,kaiser-g16,18000.0,6.410731113811888e-05,True
48000,96000,kaiser-g16,20000.0,5.3246906054350076e-05,True
48000,96000,lagrange-g32,1000.0,6.325021977687346e-14,True
48000,96000,lagrange-g32,2000.0,1.318836323305634e-13,True
48000,96000,lagrange-g32,4000.0,2.6014627448956906e-13,True
48000,96000,lagrange-g32,8000.0,5.584275127419955e-13,True
48000,96000,lagrange-g32,12000.0,1.0112096048304459e-11,True
48000,96000,lagrange-g32,16000.0,7.579930176701842e-06,True
48000,96000,lagrange-g32,18000.0,0.0007801364085324666,True
48000,96000,lagrange-g32,20000.0,0.015845060573694166,False
48000,96000,hann-g32,1000.0,2.655039894366274e-06,True
48000,96000,hann-g32,2000.0,2.656456996323733e-06,True
48000,96000,hann-g32,4000.0,2.731390348962648e-06,True
48000,96000,hann-g32,8000.0,3.181833257333087e-06,True
48000,96000,hann-g32,12000.0,4.954042885055891e-06,True
48000,96000,hann-g32,16000.0,1.4495143653354585e-05,True
48000,96000,hann-g32,18000.0,8.726803325720715e-05,True
48000,96000,hann-g32,20000.0,0.00019618517891040145,True
48000,96000,kaiser-g32,1000.0,7.811644782430956e-06,True
48000,96000,kaiser-g32,2000.0,7.5795171315758465e-06,True
48000,96000,kaiser-g32,4000.0,8.309634799753425e-06,True
48000,96000,kaiser-g32,8000.0,8.515035059341205e-06,True
48000,96000,kaiser-g32,12000.0,1.6449393042745015e-06,True
48000,96000,kaiser-g32,16000.0,1.8670567895715732e-05,True
48000,96000,kaiser-g32,18000.0,3.5415203397150128e-06,True
48000,96000,kaiser-g32,20000.0,1.9573612903351112e-05,True
48000,96000,lagrange-g64,1000.0,6.419521511255613e-14,True
48000,96000,lagrange-g64,2000.0,1.3439636428961508e-13,True
48000,96000,lagrange-g64,4000.0,2.6977400715796993e-13,True
48000,96000,lagrange-g64,8000.0,5.584705404286867e-13,True
48000,96000,lagrange-g64,12000.0,1.0924214396645714e-12,True
48000,96000,lagrange-g64,16000.0,5.498843730098933e-10,True
48000,96000,lagrange-g64,18000.0,3.5885894363910857e-06,True
48000,96000,lagrange-g64,20000.0,0.0013005625412216076,True
48000,96000,hann-g64,1000.0,3.3113280801182696e-07,True
48000,96000,hann-g64,2000.0,3.332994893230421e-07,True
48000,96000,hann-g64,4000.0,3.394390350923311e-07,True
48000,96000,hann-g64,8000.0,3.8845406979087313e-07,True
48000,96000,hann-g64,12000.0,6.19745953911808e-07,True
48000,96000,hann-g64,16000.0,2.369756720999842e-06,True
48000,96000,hann-g64,18000.0,1.0933080278880513e-05,True
48000,96000,hann-g64,20000.0,1.5743770439972634e-05,True
48000,96000,kaiser-g64,1000.0,3.840854601638015e-06,True
48000,96000,kaiser-g64,2000.0,3.892251537063929e-06,True
48000,96000,kaiser-g64,4000.0,3.858315808672284e-06,True
48000,96000,kaiser-g64,8000.0,4.155443704228122e-06,True
48000,96000,kaiser-g64,12000.0,1.1440393902192e-06,True
48000,96000,kaiser-g64,16000.0,7.70728700465598e-06,True
48000,96000,kaiser-g64,18000.0,6.730712676929938e-06,True
48000,96000,kaiser-g64,20000.0,1.3696274844100521e-05,True
