rate,candidate,frequency_hz,in_source_band,magnitude_error_db,phase_error_rad,group_delay_error_ns
44100,lagrange3,1000.0,True,0.0001476166333806998,2.2525243828637082e-06,1.7887312936896367
44100,lagrange3,2000.0,True,0.0022905138577939176,7.094153433300616e-05,27.984651666619058
44100,lagrange3,4000.0,True,0.03234119816427041,0.002124406636272426,407.3543554054529
44100,lagrange3,4410.0,True,0.04607625733392598,0.0033930907616533086,585.1343876372068
44100,lagrange3,8000.0,True,0.3144714843754042,0.05139452234552575,4357.554205774237
44100,lagrange3,8820.0,True,0.45630132450579847,0.0773560875044309,5756.149192972216
44100,lagrange3,12000.0,True,1.4803141976266159,0.25533624072909233,12329.042195188582
44100,lagrange3,13230.0,True,2.15365910983405,0.36165802282389986,15240.88197148253
44100,lagrange3,16000.0,True,4.57142154049756,0.6914152720182528,23085.057357468726
44100,lagrange3,17640.0,True,6.941020618045838,0.9598929920086258,29867.714024121047
44100,lagrange3,18000.0,True,7.610899576929775,1.0283799550083292,31847.63175764525
44100,lagrange3,19845.0,True,12.58106212521624,1.456148405869848,49898.727660212564
44100,lagrange7,1000.0,True,2.1424204858231377e-08,1.0576042663875149e-09,0.001503569348494378
44100,lagrange7,2000.0,True,4.062398662300541e-06,4.887555805004264e-07,0.3392901611368285
44100,lagrange7,4000.0,True,0.0001431595512074228,0.00016105075703749268,49.66320338604983
44100,lagrange7,4410.0,True,0.0007234937976348052,0.0003376614818259452,90.39717181048096
44100,lagrange7,8000.0,True,0.27433381354378916,0.005959322891934809,2687.8749080756984
44100,lagrange7,8820.0,True,0.518571092707729,0.030024044052809173,7603.671595366466
44100,lagrange7,12000.0,True,1.5442326011337915,0.45287755512800604,29875.000578018895
44100,lagrange7,13230.0,True,4.515962006684396,0.5491028296838428,21178.40605392158
44100,lagrange7,16000.0,True,10.77532708423352,0.41532771246772365,46709.77894055324
44100,lagrange7,17640.0,True,13.258548231999768,0.8296218598027301,57949.24923704373
44100,lagrange7,18000.0,True,13.685960306922375,0.963291145874559,60330.483434136724
44100,lagrange7,19845.0,True,15.264471250356584,1.7366482359572692,78065.3237693862
44100,lagrange15,1000.0,True,5.969187017965052e-13,8.497723020280183e-14,1.0679391398982219e-08
44100,lagrange15,2000.0,True,3.679487881388516e-11,1.0816791695868597e-11,1.2996832038055569e-05
44100,lagrange15,4000.0,True,4.190982579098223e-06,4.413958649462981e-07,0.34653107731985655
44100,lagrange15,4410.0,True,1.1317189520950827e-05,2.6878779044528454e-06,1.6919041899604614
44100,lagrange15,8000.0,True,0.04924860425389376,0.02248749421300415,6833.474762336301
44100,lagrange15,8820.0,True,0.5178712848736212,0.07483930168930315,13051.134598577162
44100,lagrange15,12000.0,True,15.119901354636397,1.1584373639753671,114765.30447539524
44100,lagrange15,13230.0,True,24.446467556132554,0.9921833619551437,159365.5047982217
44100,lagrange15,16000.0,True,40.29203430395693,3.1408638099059933,177127.88270013686
44100,lagrange15,17640.0,True,46.899010626024804,3.1356546805611245,250584.05389355004
44100,lagrange15,18000.0,True,48.05738665053511,3.1341780832885915,250487.89344602692
44100,lagrange15,19845.0,True,52.38633029406795,1.6220531171761792,155381.16522611884
44100,farrow7-fir32,1000.0,True,0.3995487710825828,0.026668371648330694,6578.092196156451
44100,farrow7-fir32,2000.0,True,0.23708257242104971,0.020869136921268072,6649.924591014431
44100,farrow7-fir32,4000.0,True,0.3055142769474546,0.03551470466563725,3612.2667265477753
44100,farrow7-fir32,4410.0,True,0.2568765081171442,0.025668961630709804,1831.9654266637497
44100,farrow7-fir32,8000.0,True,0.11344560123769214,0.054355118611710856,2193.724076390608
44100,farrow7-fir32,8820.0,True,0.141914103999866,0.03742611045534828,2809.3918421510994
44100,farrow7-fir32,12000.0,True,0.48960049480094975,0.042429568859367654,6635.636342523495
44100,farrow7-fir32,13230.0,True,0.5829516383219288,0.026946070647844586,7198.6491293608
44100,farrow7-fir32,16000.0,True,0.6770663310326721,0.05929313883648815,9749.403057366042
44100,farrow7-fir32,17640.0,True,0.3312876523913593,0.05372214793013348,16176.697118568043
44100,farrow7-fir32,18000.0,True,0.4064247120979847,0.06886643354498637,23028.071693347087
44100,farrow7-fir32,19845.0,True,2.0126498288931325,0.3640193560392827,401677.5976125671
44100,vfd-ls32,1000.0,True,0.3995483982813096,0.026668258234515966,6578.074015495133
44100,vfd-ls32,2000.0,True,0.23708268853921657,0.020869104112885777,6649.915778764148
44100,vfd-ls32,4000.0,True,0.3055132827394577,0.035514565309128325,3612.255394358172
44100,vfd-ls32,4410.0,True,0.2568750758736886,0.02566886048210178,1831.9583337499519
44100,vfd-ls32,8000.0,True,0.11345051061645994,0.05435494576649002,2193.7218410611226
44100,vfd-ls32,8820.0,True,0.14191649135843815,0.03742614232768712,2809.371649248814
44100,vfd-ls32,12000.0,True,0.4896094212279892,0.04242955023855901,6635.617061512496
44100,vfd-ls32,13230.0,True,0.5829601188172411,0.02694583128745228,7198.631556779796
44100,vfd-ls32,16000.0,True,0.6770844686317494,0.05929299706927159,9749.38989339515
44100,vfd-ls32,17640.0,True,0.33130596290266356,0.053722009237711255,16176.687836801086
44100,vfd-ls32,18000.0,True,0.4064032525771622,0.06886598130444636,23028.05988382003
44100,vfd-ls32,19845.0,True,2.01270047998551,0.3640191468239868,401676.294707037
44100,vfd-ls64,1000.0,True,0.12297045119290018,0.007364704490318425,4629.0335480725425
44100,vfd-ls64,2000.0,True,0.16398047179347927,0.009915951953875585,3334.5770421504776
44100,vfd-ls64,4000.0,True,0.10866533447444923,0.01769291448338171,963.0375433440955
44100,vfd-ls64,4410.0,True,0.07123368062036761,0.014214816438576073,3494.3774228775824
44100,vfd-ls64,8000.0,True,0.09307250462424768,0.02067873456680097,4222.482770340856
44100,vfd-ls64,8820.0,True,0.1066818936963673,0.02170037851042533,1017.8872084654524
44100,vfd-ls64,12000.0,True,0.21655679175063083,0.007471313405290797,2864.655833262802
44100,vfd-ls64,13230.0,True,0.1782315309504556,0.013041971809711558,6707.210760254674
44100,vfd-ls64,16000.0,True,0.11353175237395599,0.033390208903253046,5352.168242031167
44100,vfd-ls64,17640.0,True,0.19855250310021227,0.010825440606447394,13701.672841054871
44100,vfd-ls64,18000.0,True,0.27655239250928826,0.01948617020849535,8053.9888897224155
44100,vfd-ls64,19845.0,True,1.2380417910505017,0.11705432666938394,422725.35267546226
44100,sinc129-noncausal-control,1000.0,True,1.2792200556920205e-05,5.156454830070201e-08,0.022875478282311436
44100,sinc129-noncausal-control,2000.0,True,8.856845219357101e-07,9.084383092649329e-08,0.08908595917705119
44100,sinc129-noncausal-control,4000.0,True,3.7351085980224465e-06,8.60179934558688e-08,0.317322359845608
44100,sinc129-noncausal-control,4410.0,True,1.3264631978055168e-05,2.1724280064272603e-07,0.22401428347533894
44100,sinc129-noncausal-control,8000.0,True,1.7164590300785317e-05,5.005941603402313e-07,0.6152699034663641
44100,sinc129-noncausal-control,8820.0,True,1.0432022786856211e-06,2.7443367080009586e-07,1.1294655127212478
44100,sinc129-noncausal-control,12000.0,True,3.815949424641666e-05,1.7371259744575905e-06,1.4644138549462284
44100,sinc129-noncausal-control,13230.0,True,8.016670988709081e-06,8.075627894012404e-07,4.094281563671201
44100,sinc129-noncausal-control,16000.0,True,1.53743994945075e-05,1.2455583313907153e-06,13.306871595295162
44100,sinc129-noncausal-control,17640.0,True,0.0003274097663408915,1.8422298122423518e-05,20.69189910930877
44100,sinc129-noncausal-control,18000.0,True,0.00035171397925506085,2.0577255711164662e-05,31.667120222304856
44100,sinc129-noncausal-control,19845.0,True,0.0014993735175893586,8.667314991385821e-05,273.29591168972587
48000,lagrange3,1000.0,True,0.00010534385849485493,1.475871182915085e-06,1.1723669485549377
48000,lagrange3,2000.0,True,0.0016425135594247422,4.6595368101866e-05,18.405320045559712
48000,lagrange3,4000.0,True,0.02365538746081431,0.0014103909518319011,272.0976490891101
48000,lagrange3,4800.0,True,0.04607570432227908,0.003393356796598854,537.5382919122533
48000,lagrange3,8000.0,True,0.24765491120958255,0.03565591557716837,3099.7642039022157
48000,lagrange3,9600.0,True,0.4567314975019173,0.07735674630050288,5288.400952749638
48000,lagrange3,12000.0,True,1.071999992502419,0.1865968939644391,9336.814441651493
48000,lagrange3,14400.0,True,2.1563082107017255,0.36165227021063645,14002.48201515723
48000,lagrange3,16000.0,True,3.2541305763363217,0.5197313477396257,17536.733883515953
48000,lagrange3,18000.0,True,5.255195804942737,0.7723610743870514,22980.907840517273
48000,lagrange3,19200.0,True,6.957987859956684,0.9599296393379214,27437.036523280873
48000,lagrange3,21600.0,True,12.655948497385301,1.455933731962113,45871.266387524614
48000,lagrange7,1000.0,True,1.1032814606836159e-08,4.958662436089063e-10,0.000705798775273072
48000,lagrange7,2000.0,True,2.2049881642210975e-06,2.3293694019386388e-07,0.1625209489835322
48000,lagrange7,4000.0,True,0.00010580202706945742,8.271076848554137e-05,26.24179961312773
48000,lagrange7,4800.0,True,0.0007234902417755089,0.00033763961796956185,83.05336117075232
48000,lagrange7,8000.0,True,0.14463280227642217,0.0050012346450781855,762.8683139008828
48000,lagrange7,9600.0,True,0.518544105527172,0.030025924481618237,6986.419909859226
48000,lagrange7,12000.0,True,1.0223001773496003,0.2919041068201643,28136.934968240395
48000,lagrange7,14400.0,True,4.516023436112183,0.5490585808352355,19458.28378792072
48000,lagrange7,16000.0,True,8.136011392926823,0.5141367136454021,31825.17954903283
48000,lagrange7,18000.0,True,11.689815137886857,0.5144068766920058,46535.76751494256
48000,lagrange7,19200.0,True,13.258757551776409,0.8296487106350069,53234.52881832141
48000,lagrange7,21600.0,True,15.264403758884344,1.7366914907595177,71813.51178392484
48000,lagrange15,1000.0,True,5.602742580674779e-13,7.581685934834489e-14,8.957796933687853e-09
48000,lagrange15,2000.0,True,5.795608073987189e-12,2.935377664887037e-12,3.6314665670714695e-06
48000,lagrange15,4000.0,True,1.3686709113985408e-06,7.324357848917142e-08,0.06747413591635801
48000,lagrange15,4800.0,True,1.1316691164545745e-05,2.6875525099395343e-06,1.5542911723775694
48000,lagrange15,8000.0,True,0.039891105936585236,0.005044417729991009,2061.782953756048
48000,lagrange15,9600.0,True,0.5178275694560531,0.074834860212728,11990.419437970648
48000,lagrange15,12000.0,True,4.963134455464147,1.4148089958832013,219316.70907736057
48000,lagrange15,14400.0,True,24.44651571945537,0.9921487342686738,146424.84143170714
48000,lagrange15,16000.0,True,33.54954780589401,3.1410665873226176,718374.8069387347
48000,lagrange15,18000.0,True,42.697442145061416,3.137144015058366,148340.8162460233
48000,lagrange15,19200.0,True,46.898955873177584,3.1413710055314046,214804.56495059453
48000,lagrange15,21600.0,True,52.386077273446645,1.6212866795795011,142765.07570707236
48000,farrow7-fir32,1000.0,True,0.37440115063997054,0.029708781513353127,5027.222015321049
48000,farrow7-fir32,2000.0,True,0.24867112772472152,0.014189100961128933,5501.542626965267
48000,farrow7-fir32,4000.0,True,0.23376517988134407,0.03589271760458864,3331.9627428809968
48000,farrow7-fir32,4800.0,True,0.256876338704187,0.025668633348716167,1683.1396227453915
48000,farrow7-fir32,8000.0,True,0.0720623352455963,0.03577282055318779,1390.2620186818426
48000,farrow7-fir32,9600.0,True,0.14191087348259054,0.03742716432562403,2581.1023975181884
48000,farrow7-fir32,12000.0,True,0.269667901269531,0.048306254307245396,5774.672430211951
48000,farrow7-fir32,14400.0,True,0.5829587877732944,0.026942908978096168,6613.686738680998
48000,farrow7-fir32,16000.0,True,0.6764655274332045,0.03265854169018975,7936.325544658023
48000,farrow7-fir32,18000.0,True,0.3525885719091148,0.03750480062957294,13084.480080764099
48000,farrow7-fir32,19200.0,True,0.33129076671966096,0.053722143596856294,14862.981042816979
48000,farrow7-fir32,21600.0,True,2.0126698826184106,0.3640091142588234,369027.8083077115
48000,vfd-ls32,1000.0,True,0.374399445244605,0.02970872519978019,5027.215468400261
48000,vfd-ls32,2000.0,True,0.24867047489438626,0.014189055370548775,5501.518906548363
48000,vfd-ls32,4000.0,True,0.23376295455242824,0.035892567762410545,3331.94900173089
48000,vfd-ls32,4800.0,True,0.25687527811061545,0.025668531709063063,1683.1348897414857
48000,vfd-ls32,8000.0,True,0.07205742948880871,0.03577275295911229,1390.2484479828643
48000,vfd-ls32,9600.0,True,0.1419119755851485,0.03742714044993861,2581.096186961606
48000,vfd-ls32,12000.0,True,0.2696772053260147,0.04830614911361473,5774.6540857781665
48000,vfd-ls32,14400.0,True,0.5829710564757753,0.026942674708934185,6613.664486342916
48000,vfd-ls32,16000.0,True,0.6764828865984641,0.03265865707700126,7936.316944362404
48000,vfd-ls32,18000.0,True,0.35261010711961627,0.03750469544021464,13084.423780013278
48000,vfd-ls32,19200.0,True,0.3313079280608583,0.053722003063520644,14862.971386340554
48000,vfd-ls32,21600.0,True,2.012725433445946,0.36400900772573297,369026.57432260393
48000,vfd-ls64,1000.0,True,0.12242598657974771,0.004849985221828524,4465.288207452887
48000,vfd-ls64,2000.0,True,0.13795895345419276,0.011285703652369727,1248.25687906222
48000,vfd-ls64,4000.0,True,0.09601415678148373,0.01170144086140326,2302.1056590334747
48000,vfd-ls64,4800.0,True,0.07123375831842921,0.014214605062441972,3210.5258417911355
48000,vfd-ls64,8000.0,True,0.06479184735011373,0.021911932367641915,3114.3816453596473
48000,vfd-ls64,9600.0,True,0.10668557017791008,0.02170024464426577,935.2599193119751
48000,vfd-ls64,12000.0,True,0.14757543642135007,0.01280278529503784,5425.265638415374
48000,vfd-ls64,14400.0,True,0.17822772110348933,0.013041790978627225,6162.261594127336
48000,vfd-ls64,16000.0,True,0.18287981917327567,0.026367596737124927,2485.6921114990096
48000,vfd-ls64,18000.0,True,0.17516456232553035,0.0281201702685972,9624.30083292459
48000,vfd-ls64,19200.0,True,0.19855722944038548,0.010825599572390768,12588.506255338774
48000,vfd-ls64,21600.0,True,1.2379972824043546,0.11706949012490075,388423.36201778805
48000,sinc129-noncausal-control,1000.0,True,9.80760405038411e-06,2.8988895939039524e-08,0.05539382866724045
48000,sinc129-noncausal-control,2000.0,True,9.870046787466922e-06,4.351868093261806e-08,0.11275933393725528
48000,sinc129-noncausal-control,4000.0,True,1.0422627292275738e-05,1.1127300229539088e-07,0.24219624579263546
48000,sinc129-noncausal-control,4800.0,True,1.3265015593893174e-05,2.1724394593347377e-07,0.2058142203011288
48000,sinc129-noncausal-control,8000.0,True,1.255949222613137e-05,2.6928595479944075e-07,0.6532174347191914
48000,sinc129-noncausal-control,9600.0,True,1.0432227764327121e-06,2.744336194055078e-07,1.037696670145384
48000,sinc129-noncausal-control,12000.0,True,2.1090439593581124e-05,1.4799708730149323e-06,3.3966021184897444e-10
48000,sinc129-noncausal-control,14400.0,True,8.016935910434834e-06,8.075520214026001e-07,3.761549465259987
48000,sinc129-noncausal-control,16000.0,True,5.552884130807476e-05,2.7830210679770963e-06,5.975931779724812
48000,sinc129-noncausal-control,18000.0,True,0.0002084865593819101,1.2307406626232491e-05,1.3552527156068805e-10
48000,sinc129-noncausal-control,19200.0,True,0.0003274200736484605,1.8422050396231538e-05,19.010436262379788
48000,sinc129-noncausal-control,21600.0,True,0.0014994209289788999,8.667247608970104e-05,251.08845805999223
96000,lagrange3,1000.0,True,6.6257198877317735e-06,4.627508577389395e-08,0.03680819964577877
96000,lagrange3,2000.0,True,0.00010533672300173107,1.475871182915085e-06,0.5861834742774689
96000,lagrange3,4000.0,True,0.0016425135594247422,4.6595368101866e-05,9.202660022779856
96000,lagrange3,8000.0,True,0.02365538746081431,0.0014100391523290577,135.99690016432888
96000,lagrange3,9600.0,True,0.04606898873773989,0.003392107758808625,268.76506410711386
96000,lagrange3,12000.0,True,0.10020371275051274,0.009720044419561459,598.9664258426294
96000,lagrange3,16000.0,True,0.24765491120958255,0.035649969821446664,1549.8821019511079
96000,lagrange3,18000.0,True,0.3564499106963359,0.059106056822463685,2203.648343756695
96000,lagrange3,19200.0,True,0.4567314975019152,0.07735674630050288,2643.5203547531887
96000,lagrange3,28800.0,False,2.1563082107017255,0.36165227021063645,7000.239370862594
96000,lagrange3,38400.0,False,6.957987859956683,0.9595236205483458,13714.995781460138
96000,lagrange3,43200.0,False,12.655948497385301,1.4558501541866111,22882.511663374746
96000,lagrange7,1000.0,True,4.5606903203051425e-11,9.892199596606124e-13,1.4147868498211227e-06
96000,lagrange7,2000.0,True,1.1029933196369758e-08,4.958662436089063e-10,0.000352899387636536
96000,lagrange7,4000.0,True,2.2049881642210975e-06,2.3293694019386388e-07,0.0812604744917661
96000,lagrange7,8000.0,True,0.00010580202706945742,8.271076848554137e-05,13.116841030887404
96000,lagrange7,9600.0,True,0.0007229025258523604,0.00033763961796956185,41.514313673108795
96000,lagrange7,12000.0,True,0.010431114586351925,0.0015527276962382425,126.57768124762543
96000,lagrange7,16000.0,True,0.1445880999497815,0.005001103049741137,381.11821845239825
96000,lagrange7,18000.0,True,0.3449962101984644,0.011154738184966397,1805.4039736452726
96000,lagrange7,19200.0,True,0.518544105527172,0.030025924481618237,3493.209954929613
96000,lagrange7,28800.0,False,4.516023436112183,0.5490578480594503,9729.14189396036
96000,lagrange7,38400.0,False,13.258757551776409,0.8293677696290197,26617.264409160704
96000,lagrange7,43200.0,False,15.264403758884344,1.7366914907595177,35674.93495856741
96000,lagrange15,1000.0,True,7.280672372477623e-13,3.938083742988956e-14,5.5882998695102465e-09
96000,lagrange15,2000.0,True,4.4069765221486337e-13,7.581685934834489e-14,4.366878359569545e-09
96000,lagrange15,4000.0,True,5.795608073987189e-12,2.935377664887037e-12,1.8127826442639744e-06
96000,lagrange15,8000.0,True,1.3686709113985408e-06,7.324357848917142e-08,0.033737067958179004
96000,lagrange15,9600.0,True,1.1316691164545745e-05,2.6875525099395343e-06,0.7771455861887847
96000,lagrange15,12000.0,True,0.00048057454200572063,7.392945118586028e-05,11.376062210630195
96000,lagrange15,16000.0,True,0.039883320518046356,0.005042530574755695,1030.891476878024
96000,lagrange15,18000.0,True,0.07352230449009267,0.036001107714442156,4293.805051528141
96000,lagrange15,19200.0,True,0.5178275694560531,0.07482276774683799,5993.53332972126
96000,lagrange15,28800.0,False,24.442254986291804,0.9918409123547072,73173.09620463544
96000,lagrange15,38400.0,False,46.89539530165264,3.1413710055314046,111094.13700044609
96000,lagrange15,43200.0,False,52.38517273263798,1.6198290263292239,71368.99262253715
96000,farrow7-fir32,1000.0,True,8.311548894882976e-07,9.917225293191236e-08,0.007927961184674842
96000,farrow7-fir32,2000.0,True,3.051525997628144e-07,4.041433935824849e-08,0.004565113774672512
96000,farrow7-fir32,4000.0,True,1.0936220218319447e-07,5.754959635094416e-08,0.020054516996836434
96000,farrow7-fir32,8000.0,True,4.2456201661249677e-07,4.64854315540409e-08,0.005156364201789579
96000,farrow7-fir32,9600.0,True,2.892394188893215e-07,1.1662737768251341e-07,0.015947134094141162
96000,farrow7-fir32,12000.0,True,4.538567603904964e-07,1.57696397140059e-08,0.020665302626131192
96000,farrow7-fir32,16000.0,True,3.683229791126034e-07,8.716132543836365e-08,0.03495525792646462
96000,farrow7-fir32,18000.0,True,1.3542293223372971e-06,7.985378372838231e-08,0.015676570016440954
96000,farrow7-fir32,19200.0,True,3.227147168682386e-07,1.4088923834905865e-07,0.03967800899521424
96000,farrow7-fir32,28800.0,False,14.539008992610105,2.234507412065547,854415.3665680134
96000,farrow7-fir32,38400.0,False,80.0933171098314,1.6137340800595918,154065.52836092745
96000,farrow7-fir32,43200.0,False,88.72088069581791,2.8314910636085036,151238.39719101592
96000,vfd-ls32,1000.0,True,8.287445204288281e-07,9.91726180467926e-08,0.007927782955390213
96000,vfd-ls32,2000.0,True,2.9553193312307253e-07,4.0415237357311843e-08,0.00456547011804529
96000,vfd-ls32,4000.0,True,3.9164383777928066e-07,5.754958506200826e-08,0.020054061255841363
96000,vfd-ls32,8000.0,True,1.5560786436710364e-06,4.648638271196127e-08,0.005156636055319934
96000,vfd-ls32,9600.0,True,1.6281265571045508e-06,1.1664298980091467e-07,0.01594855864770438
96000,vfd-ls32,12000.0,True,2.5485167700220782e-06,1.5806283570743688e-08,0.02066383286133738
96000,vfd-ls32,16000.0,True,4.898635212144401e-06,8.716455291505836e-08,0.034948674718212405
96000,vfd-ls32,18000.0,True,5.729973933974423e-06,8.073741736106131e-08,0.015675067577351202
96000,vfd-ls32,19200.0,True,6.690177305517488e-06,1.4152642567591736e-07,0.039725501064881756
96000,vfd-ls32,28800.0,False,14.538958909678321,2.2345165225313277,854389.6396645015
96000,vfd-ls32,38400.0,False,80.09329249087031,1.6137833063891531,154064.895628365
96000,vfd-ls32,43200.0,False,88.72083784216792,2.8314460575303753,151238.09378811193
96000,vfd-ls64,1000.0,True,1.2288559246609786e-07,4.087767083417736e-09,0.0006656475653473272
96000,vfd-ls64,2000.0,True,9.179941691916124e-08,1.6992840703550507e-08,0.004483677528376289
96000,vfd-ls64,4000.0,True,4.501831774661682e-07,8.621145554841319e-09,0.003676576966862074
96000,vfd-ls64,8000.0,True,1.1541766009452133e-06,1.7445934479075682e-08,0.0057403053990691885
96000,vfd-ls64,9600.0,True,1.6319032614752351e-06,4.628402530600592e-09,0.0046138044167127025
96000,vfd-ls64,12000.0,True,2.639852490841803e-06,1.7666193197676568e-08,0.005855556213671208
96000,vfd-ls64,16000.0,True,4.534027939893102e-06,6.054647093152933e-09,0.0054753392990134295
96000,vfd-ls64,18000.0,True,5.800282275584234e-06,1.105328532689336e-08,0.0065606224032772106
96000,vfd-ls64,19200.0,True,6.793148421789106e-06,1.2238361970596616e-08,0.004264322207742527
96000,vfd-ls64,28800.0,False,58.11833785987979,3.1355980865209343,351496.27340301924
96000,vfd-ls64,38400.0,False,81.21798611258087,3.136495019045308,257625.10278519033
96000,vfd-ls64,43200.0,False,79.07746075144625,1.8478409664079898,200117.02717113105
96000,sinc129-noncausal-control,1000.0,True,9.759592521348768e-06,6.985168756511912e-09,0.013787682123398912
96000,sinc129-noncausal-control,2000.0,True,9.80760405038411e-06,2.8988895794597798e-08,0.027696914342090553
96000,sinc129-noncausal-control,4000.0,True,9.870046787466922e-06,4.3518681388350956e-08,0.05637966695338104
96000,sinc129-noncausal-control,8000.0,True,1.0422627292275738e-05,1.1127300265423284e-07,0.1210981228929296
96000,sinc129-noncausal-control,9600.0,True,1.3265015593893174e-05,2.172439461120334e-07,0.10290711013701188
96000,sinc129-noncausal-control,12000.0,True,2.951921860889471e-06,3.5516044756292755e-07,1.164670302474663e-10
96000,sinc129-noncausal-control,16000.0,True,1.255949222613137e-05,2.692859551141234e-07,0.32660871735281943
96000,sinc129-noncausal-control,18000.0,True,8.303699231104036e-06,7.110389112877163e-07,5.759824041329242e-11
96000,sinc129-noncausal-control,19200.0,True,1.0432227764327121e-06,2.744336185662548e-07,0.5188483350574454
96000,sinc129-noncausal-control,28800.0,False,8.016935910434834e-06,8.075520214241364e-07,1.8807747326367699
96000,sinc129-noncausal-control,38400.0,False,0.0003274200736484605,1.842205039596222e-05,9.505218131198363
96000,sinc129-noncausal-control,43200.0,False,0.0014994209289788999,8.667247609018882e-05,125.54422902998172
