rate,conditioner,order,pass_hz,stop_hz,latency_samples,latency_ms,pass_error_db,stop_max_db,response16_db,response18_db,response20_db,group_min_ms,group_max_ms,before_main_energy_fraction,after_main_energy_fraction,before_input_energy,ringing_span_ms,max_pole_radius,filter_screen_pass
44100,iir-p16000-s18000,21,16000,18000,0,0.0,0.10000000000002814,-63.52720853416887,-0.10000000000002814,-63.52720853416887,-191.58025551974674,0.06378922998613239,0.6484064300155321,0.29775711617628,0.4009187856146258,0.0,3.7188208616780045,0.9479523044657017,True
44100,fir17-p16000-s18000,16,16000,18000,8,0.18140589569160998,3.3344774555991514,-9.930297432848153,-3.3344774555991514,-9.930297432848153,-23.0708830237314,0.18140589569095003,0.18140589569239368,0.0869742067820495,0.0869742067820495,0.0,0.36281179138321995,0.0,False
44100,fir33-p16000-s18000,32,16000,18000,16,0.36281179138321995,1.613203902407018,-15.412887127028739,-1.613203902407018,-15.412887127028739,-59.195171483773464,0.3628117913814567,0.3628117913838799,0.10121817776076329,0.10121817776076329,0.0,0.7256235827664399,0.0,False
44100,fir65-p16000-s18000,64,16000,18000,32,0.7256235827664399,0.16228323118719257,-34.73026117440272,-0.16228323118719257,-34.73026117440272,-66.45541201754835,0.7256235827638001,0.7256235827695747,0.10797799324312074,0.10797799324312074,0.0,1.4512471655328798,0.0,False
44100,fir129-p16000-s18000,128,16000,18000,64,1.4512471655328798,0.004630386803921009,-66.5063688415571,-0.003595996870554635,-66.5063688415571,-80.6580436845207,1.4512471655258885,1.4512471655391495,0.11127269542318247,0.11127269542318247,0.0,2.9024943310657596,0.0,True
44100,iir-p16000-s19000,12,16000,19000,0,0.0,0.10000000000002034,-60.15197178238331,-0.10000000000002034,-29.30875021963445,-102.47682579479351,0.034149828400639126,0.30686020867452535,0.1190707119767307,0.43721940610972937,0.0,2.1768707482993195,0.9147288650836634,True
44100,fir17-p16000-s19000,16,16000,19000,8,0.18140589569160998,2.3696454466990833,-12.420638792498007,-2.3696454466990833,-7.798510579560178,-18.941301264498804,0.18140589569095003,0.18140589569239368,0.07569294866273066,0.07569294866273066,0.0,0.36281179138321995,0.0,False
44100,fir33-p16000-s19000,32,16000,19000,16,0.36281179138321995,0.6289307783425642,-23.15061391068824,-0.6289307783425642,-9.920998185055291,-59.794642728105806,0.36281179138190006,0.3628117913838799,0.08989340999335212,0.08989340999335212,0.0,0.7256235827664399,0.0,False
44100,fir65-p16000-s19000,64,16000,19000,32,0.7256235827664399,0.00821827227997428,-60.25754529317379,0.00821827227997428,-15.409653905771323,-67.49839446500054,0.7256235827638001,0.7256235827695747,0.09664329729811681,0.09664329729811681,0.0,1.4512471655328798,0.0,True
44100,fir129-p16000-s19000,128,16000,19000,64,1.4512471655328798,0.004905917246019961,-66.00692154417645,-0.004890420410047373,-34.74774619124244,-69.84047054963396,1.4512471655258885,1.4512471655391495,0.09993559882812232,0.09993559882812234,0.0,2.8117913832199544,0.0,True
44100,iir-p16000-s20000,8,16000,20000,0,0.0,0.1000000000000096,-62.87530371226855,-0.1000000000000096,-14.259199236137132,-62.87530371226855,0.021126829573038457,0.17396916655034023,0.03272306184336511,0.550788859614816,0.0,1.5419501133786848,0.8816617614782654,True
44100,fir17-p16000-s20000,16,16000,20000,8,0.18140589569160998,1.6161458842404266,-15.458758062144328,-1.6161458842404266,-6.012582416381441,-15.458758062144328,0.18140589569095003,0.18140589569193996,0.0644165470576585,0.0644165470576585,0.0,0.36281179138321995,0.0,False
44100,fir33-p16000-s20000,32,16000,20000,16,0.36281179138321995,0.1636981129176988,-34.519714254747754,-0.1636981129176988,-6.019232424266661,-34.519714254747754,0.3628117913814721,0.36281179138478736,0.0785678580744644,0.0785678580744644,0.0,0.6802721088435374,0.0,False
44100,fir65-p16000-s20000,64,16000,20000,32,0.7256235827664399,0.004892980281741044,-69.41074629146561,-0.004892980281741044,-6.018727265462697,-69.41074629146561,0.7256235827638001,0.7256235827695747,0.08530841724108176,0.08530841724108178,0.0,1.4058956916099772,0.0,True
44100,fir129-p16000-s20000,128,16000,20000,64,1.4512471655328798,0.0023236716231184646,-72.14278806696056,-0.0006022054658969447,-6.020405555154537,-79.8505963835662,1.4512471655258885,1.4512471655391495,0.08859847095572598,0.08859847095572598,0.0,2.857142857142857,0.0,True
44100,iir-p16000-s21609,4,16000,21609.0,0,0.0,0.10000000000000375,-76.8957949416474,-0.10000000000000375,-2.4874907854739394,-23.294165720039224,0.008514947489766061,0.061248561677594175,0.2766415052190143,0.13822543864130624,0.0,0.9297052154195011,0.8137902984417374,True
44100,fir17-p16000-s21609,16,16000,21609.0,8,0.18140589569160998,0.7760449319369173,-18.761949888416723,-0.7760449319369173,-3.7708219536511214,-10.875928754363823,0.18140589569095003,0.18140589569238852,0.046397993657617924,0.046397993657617924,0.0,0.36281179138321995,0.0,False
44100,fir33-p16000-s21609,32,16000,21609.0,16,0.36281179138321995,0.010095947637127137,-66.43113764246371,0.00998986691719515,-2.1888261586978808,-18.12105847587857,0.36281179138146696,0.3628117913838799,0.060343675909029254,0.06034367590902925,0.0,0.7256235827664399,0.0,True
44100,fir65-p16000-s21609,64,16000,21609.0,32,0.7256235827664399,0.002671957245449538,-70.4386645090831,-0.00048734738490087745,-0.48861751971492845,-50.81124748103217,0.7256235827638001,0.7256235827695747,0.06707024741674329,0.06707024741674328,0.0,1.4512471655328798,0.0,True
44100,fir129-p16000-s21609,128,16000,21609.0,64,1.4512471655328798,0.0032892583380521984,-72.59050090031552,-0.0032892583380521984,3.59867567798342e-05,-64.75218769147097,1.4512471655258885,1.4512471655391495,0.07035693373911504,0.07035693373911503,0.0,2.9024943310657596,0.0,True
44100,iir-p18000-s19000,30,18000,19000,0,0.0,0.09999999999991205,-60.793037950418764,-4.2912572261622336e-13,-0.09999999999991205,-166.60517984673754,0.060391324738070414,1.4303818230225245,0.06414087343165446,0.6638069399590337,0.0,6.8480725623582765,0.9732816553786245,True
44100,fir17-p18000-s19000,16,18000,19000,8,0.18140589569160998,4.534465903546076,-7.804804151475231,-1.0456440306796266,-4.534465903546076,-12.482429558121781,0.18140589569095003,0.18140589569238852,0.05318088876006858,0.053180888760068594,0.0,0.36281179138321995,0.0,False
44100,fir33-p18000-s19000,32,18000,19000,16,0.36281179138321995,3.3375041790711695,-9.922056898221797,-0.00865666579481126,-3.3375041790711695,-23.113760364599173,0.36281179138146696,0.3628117913845399,0.06724166236178997,0.06724166236178995,0.0,0.7256235827664399,0.0,False
44100,fir65-p18000-s19000,64,18000,19000,32,0.7256235827664399,1.6170624572408667,-15.41001764419164,0.0038678250930307694,-1.6170624572408667,-64.02378574328345,0.7256235827629443,0.7256235827695747,0.07397336058006485,0.07397336058006483,0.0,1.4512471655328798,0.0,False
44100,fir129-p18000-s19000,128,18000,19000,64,1.4512471655328798,0.15973184608973665,-34.74733572059735,0.003491821466468015,-0.15973184608973665,-66.11855872704143,1.4512471655258885,1.4512471655391495,0.07726128985951497,0.07726128985951498,0.0,2.766439909297052,0.0,False
44100,iir-p18000-s20000,13,18000,20000,0,0.0,0.09999999999996667,-62.94319007452397,-1.1524116538657926e-06,-0.09999999999996667,-62.94319007452397,0.024158467329947322,0.4762951266468643,0.31853276903946476,0.2987607391888646,0.0,3.2199546485260773,0.9435080533958954,True
44100,fir17-p18000-s20000,16,18000,20000,8,0.18140589569160998,3.330912006319204,-9.916742082727596,-0.6304629674142381,-3.330912006319204,-9.916742082727596,0.18140589569073606,0.18140589569226995,0.042089330288668896,0.042089330288668896,0.0,0.36281179138321995,0.0,False
44100,fir33-p18000-s20000,32,18000,20000,16,0.36281179138321995,1.6148348860774626,-15.427505444728144,0.009179604538615894,-1.6148348860774626,-15.427505444728144,0.3628117913814721,0.3628117913845399,0.055914779347437736,0.055914779347437736,0.0,0.7256235827664399,0.0,False
44100,fir65-p18000-s20000,64,18000,20000,32,0.7256235827664399,0.1593476836486855,-34.761267800492355,-0.0026464640452895064,-0.1593476836486855,-34.761267800492355,0.7256235827638001,0.7256235827695747,0.06263815720284249,0.06263815720284249,0.0,1.4512471655328798,0.0,False
44100,fir129-p18000-s20000,128,18000,20000,64,1.4512471655328798,0.004495101729549424,-67.24062096647073,0.0004178041698798794,-0.004495101729549424,-68.26431382802375,1.4512471655258885,1.4512471655391495,0.06592408602068697,0.06592408602068697,0.0,2.857142857142857,0.0,True
44100,iir-p18000-s21609,4,18000,21609.0,0,0.0,0.09999999999999301,-61.685330412589266,-0.0030465654895706442,-0.09999999999999301,-8.693623194397047,0.00549605577948476,0.0852296651021308,0.0,0.5672973701022183,0.0,1.4058956916099772,0.8709862858253451,True
44100,fir17-p18000-s21609,16,18000,21609.0,8,0.18140589569160998,1.8919094580920748,-10.737207720914121,-0.22094215474689566,-1.8919094580920748,-6.480208228848909,0.18140589569095003,0.18140589569239368,0.025171062584658857,0.025171062584658857,0.0,0.36281179138321995,0.0,False
44100,fir33-p18000-s21609,32,18000,21609.0,16,0.36281179138321995,0.29527206983077603,-29.679253415901506,-0.00523285222833801,-0.29527206983077603,-7.385454928407906,0.36281179138190006,0.36281179138478736,0.037689066617677534,0.037689066617677534,0.0,0.7256235827664399,0.0,False
44100,fir65-p18000-s21609,64,18000,21609.0,32,0.7256235827664399,0.008434490930852004,-64.88785304681146,0.0018241086183635072,-0.008154724708249031,-8.946776491002122,0.7256235827629443,0.7256235827695747,0.044399544349135116,0.044399544349135116,0.0,1.4512471655328798,0.0,True
44100,fir129-p18000-s21609,128,18000,21609.0,64,1.4512471655328798,0.0041687076413420895,-68.46234658431455,0.0027336341011040405,0.0041687076413420895,-12.78702284644156,1.4512471655258885,1.4512471655391495,0.047682437376999225,0.047682437376999225,0.0,2.9024943310657596,0.0,True
48000,iir-p16000-s18000,27,16000,18000,0,0.0,0.10000000000004472,-61.548387176258714,-0.10000000000004472,-61.548387176258714,-163.70118972132164,0.09647626355616963,0.7232833522157307,0.29114644182274024,0.4532389856641557,0.0,3.7708333333333335,0.9525772422995735,True
48000,fir17-p16000-s18000,16,16000,18000,8,0.16666666666666666,3.5163458563570655,-9.551623772168883,-3.5163458563570655,-9.551623772168883,-21.016944078828132,0.16666666666636348,0.166666666667273,0.1181199906568141,0.1181199906568141,0.0,0.3333333333333333,0.0,False
48000,fir33-p16000-s18000,32,16000,18000,16,0.3333333333333333,1.8365890678761463,-14.395190893518436,-1.8365890678761463,-14.395190893518436,-59.65532621356906,0.33333333333272697,0.333333333334546,0.13249837531772032,0.13249837531772032,0.0,0.6666666666666666,0.0,False
48000,fir65-p16000-s18000,64,16000,18000,32,0.6666666666666666,0.26982124366309007,-30.31667500332262,-0.26982124366309007,-30.31667500332262,-96.7451194012913,0.6666666666654539,0.666666666669092,0.1392890470249653,0.1392890470249653,0.0,1.3333333333333333,0.0,False
48000,fir129-p16000-s18000,128,16000,18000,64,1.3333333333333333,0.005591956121462073,-63.511270681102765,-0.005495644297997658,-63.62142666671125,-74.02864184201957,1.3333333333284827,1.3333333333357587,0.14259114693482092,0.1425911469348209,0.0,2.6666666666666665,0.0,True
48000,iir-p16000-s19000,17,16000,19000,0,0.0,0.10000000000001155,-62.09601319594163,-0.10000000000001155,-32.707701331675196,-97.02380568747776,0.058356946068810076,0.3952771130264712,0.31926113997005684,0.36710909661916424,0.0,2.4375,0.9273554132197459,True
48000,fir17-p16000-s19000,16,16000,19000,8,0.16666666666666666,2.5831679263710083,-11.796535324283063,-2.5831679263710083,-7.642020066571708,-17.45255090585026,0.16666666666613614,0.16666666666696983,0.10776508547164924,0.10776508547164924,0.0,0.3333333333333333,0.0,False
48000,fir33-p16000-s19000,32,16000,19000,16,0.3333333333333333,0.8092853836186766,-20.979737830985,-0.8092853836186766,-9.55054198273558,-45.86329719073754,0.33333333333272697,0.333333333334546,0.12209603676778263,0.12209603676778263,0.0,0.6666666666666666,0.0,False
48000,fir65-p16000-s19000,64,16000,19000,32,0.6666666666666666,0.009897927329320514,-59.47651980049764,0.008876155480127148,-14.392197230713474,-71.07905463129164,0.6666666666654539,0.666666666669092,0.1288758434008759,0.1288758434008759,0.0,1.3333333333333333,0.0,False
48000,fir129-p16000-s19000,128,16000,19000,64,1.3333333333333333,0.004771504461888418,-67.32522080283412,-0.001982316517088792,-30.325945555458883,-79.09639841169539,1.3333333333284827,1.3333333333357587,0.13217532459663126,0.13217532459663128,0.0,2.6666666666666665,0.0,True
48000,iir-p16000-s20000,12,16000,20000,0,0.0,0.10000000000001547,-63.685115528235116,-0.10000000000001547,-18.34786875135656,-63.685115528235116,0.0393947358175017,0.24712956630931635,0.35073552393150864,0.29966541989159334,0.0,1.7708333333333333,0.9012349220833276,True
48000,fir17-p16000-s20000,16,16000,20000,8,0.16666666666666666,1.8348873961003611,-14.404055487436263,-1.8348873961003611,-6.0198179355872234,-14.404055487436263,0.16666666666613614,0.16666666666696983,0.097406573081977,0.097406573081977,0.0,0.2916666666666667,0.0,False
48000,fir33-p16000-s20000,32,16000,20000,16,0.3333333333333333,0.2685879909909166,-30.30443546275286,-0.2685879909909166,-6.016838904957064,-30.30443546275286,0.33333333333272697,0.333333333334546,0.1116928813767454,0.1116928813767454,0.0,0.625,0.0,False
48000,fir65-p16000-s20000,64,16000,20000,32,0.6666666666666666,0.006065968332774662,-63.807454491177495,-0.005956651711623027,-6.0182637779104144,-63.81289464294057,0.6666666666654539,0.666666666669092,0.11846242744046392,0.11846242744046392,0.0,1.2916666666666667,0.0,True
48000,fir129-p16000-s20000,128,16000,20000,64,1.3333333333333333,0.0034711716707139535,-67.89074101083864,0.003470957149787459,-6.019373797649182,-67.89074101083864,1.3333333333284827,1.3333333333357587,0.12175945802215832,0.12175945802215832,0.0,2.625,0.0,True
48000,iir-p16000-s23520,4,16000,23520.0,0,0.0,0.10000000000000472,-84.80398003205947,-0.10000000000000472,-1.2445629292108271,-10.727029602469237,0.009822717201178964,0.04932646935768996,0.20184924387179734,0.14771485383813715,0.0,0.75,0.7792552010305412,True
48000,fir17-p16000-s23520,16,16000,23520.0,8,0.16666666666666666,0.3645860264457388,-25.838150803238534,-0.3645860264457388,-2.1770143525975945,-6.754936216593955,0.16666666666606034,0.16666666666696983,0.06093734616460757,0.06093734616460757,0.0,0.3333333333333333,0.0,False
48000,fir33-p16000-s23520,32,16000,23520.0,16,0.3333333333333333,0.005170090270040852,-58.80475834738314,-0.001894003601811793,-0.4811386771548475,-7.576878631531377,0.33333333333272697,0.333333333334546,0.07506812513351385,0.07506812513351385,0.0,0.6666666666666666,0.0,False
48000,fir65-p16000-s23520,64,16000,23520.0,32,0.6666666666666666,0.0027529805692174964,-74.3875726274946,0.0007843702077446163,0.0010964330643725099,-9.392779882849595,0.6666666666654539,0.666666666669092,0.08180590093939295,0.08180590093939294,0.0,1.3333333333333333,0.0,True
48000,fir129-p16000-s23520,128,16000,23520.0,64,1.3333333333333333,0.0028444866834947398,-72.3276446276069,-0.0027674351829397427,-0.0025863924285720393,-13.940340507777956,1.3333333333284827,1.3333333333357587,0.0850952817871568,0.08509528178715682,0.0,2.6666666666666665,0.0,True
48000,iir-p18000-s19000,45,18000,19000,0,0.0,0.09999999999998911,-61.47100350497921,-4.146608106179144e-14,-0.09999999999998911,-153.92692880356302,0.11857468451557164,1.6918454975008594,0.22449487763674367,0.547398261650424,0.0,7.291666666666667,0.9763308825284192,True
48000,fir17-p18000-s19000,16,18000,19000,8,0.16666666666666666,4.654075092148028,-7.650749277804,-1.2505664186020218,-4.654075092148028,-11.788442645502782,0.16666666666636348,0.166666666667273,0.08704470677951717,0.08704470677951717,0.0,0.3333333333333333,0.0,False
48000,fir33-p18000-s19000,32,18000,19000,16,0.3333333333333333,3.515920948769438,-9.55884482277716,-0.04753992027428982,-3.515920948769438,-20.973265707974008,0.33333333333272697,0.333333333334546,0.10128895514589342,0.10128895514589342,0.0,0.6666666666666666,0.0,False
48000,fir65-p18000-s19000,64,18000,19000,32,0.6666666666666666,1.8402999474608184,-14.385058054561654,0.002700002837461776,-1.8402999474608184,-59.89559129139118,0.6666666666654539,0.666666666669092,0.10804883465657585,0.10804883465657586,0.0,1.3333333333333333,0.0,False
48000,fir129-p18000-s19000,128,18000,19000,64,1.3333333333333333,0.2686447599172534,-30.31016317991409,0.0004002426162225246,-0.2686447599172534,-82.96759643972189,1.3333333333284827,1.333333333338184,0.11134355211967027,0.11134355211967027,0.0,2.6666666666666665,0.0,False
48000,iir-p18000-s20000,21,18000,20000,0,0.0,0.10000000000001058,-63.124437064872545,-8.87109595298561e-08,-0.10000000000001058,-63.124437064872545,0.05279368397361369,0.6395541446043657,0.09276478232434163,0.5839877940173253,0.0,3.5833333333333335,0.9516609428969218,True
48000,fir17-p18000-s20000,16,18000,20000,8,0.16666666666666666,3.517942244494142,-9.546374149835383,-0.8092508686985027,-3.517942244494142,-9.546374149835383,0.16666666666606034,0.1666666666671972,0.07668008854310443,0.07668008854310443,0.0,0.3333333333333333,0.0,False
48000,fir33-p18000-s20000,32,18000,20000,16,0.3333333333333333,1.8410054353170804,-14.385766332246119,0.005616177428017225,-1.8410054353170804,-14.385766332246119,0.33333333333272697,0.333333333334546,0.09088435847274877,0.09088435847274878,0.0,0.6666666666666666,0.0,False
48000,fir65-p18000-s20000,64,18000,20000,32,0.6666666666666666,0.2689582324119518,-30.27776902509506,0.00019578330228961488,-0.2689582324119518,-30.27776902509506,0.6666666666654539,0.666666666669092,0.09763509369733685,0.09763509369733686,0.0,1.3333333333333333,0.0,False
48000,fir129-p18000-s20000,128,18000,20000,64,1.3333333333333333,0.0069997035352406395,-61.969917494605006,-0.0029882280428104183,-0.0069871759919778,-62.06753148703111,1.3333333333284827,1.333333333338184,0.10092759702122198,0.10092759702122198,0.0,2.6666666666666665,0.0,True
48000,iir-p18000-s23520,4,18000,23520.0,0,0.0,0.10000000000000081,-73.26677558414376,-0.007094705075484088,-0.10000000000000081,-2.45420525516443,0.007047199769159835,0.06041234565831625,0.31316741143783056,0.14303527980541422,0.0,0.9375,0.8287107670255548,True
48000,fir17-p18000-s23520,16,18000,23520.0,8,0.16666666666666666,1.0064673586964248,-16.324164858964604,-0.08236969317536737,-1.0064673586964248,-4.0351438595856575,0.16666666666636348,0.166666666667273,0.04048798107810208,0.04048798107810208,0.0,0.3333333333333333,0.0,False
48000,fir33-p18000-s23520,32,18000,23520.0,16,0.3333333333333333,0.011637536790036006,-54.6883400651582,0.001755750679439269,-0.001615689865584369,-2.550454202628814,0.33333333333272697,0.333333333334546,0.05425533985668232,0.05425533985668232,0.0,0.6666666666666666,0.0,False
48000,fir65-p18000-s23520,64,18000,23520.0,32,0.6666666666666666,0.005118445633398894,-62.538892204086764,-0.0016357206963242797,0.005118445633398894,-0.780263122495224,0.6666666666654539,0.666666666669092,0.06097754005247225,0.06097754005247225,0.0,1.3333333333333333,0.0,True
48000,fir129-p18000-s23520,128,18000,23520.0,64,1.3333333333333333,0.002359443232193362,-84.27550981556216,0.0016794407938705797,0.0019659357953273567,0.008843355935535691,1.3333333333284827,1.3333333333357587,0.06426318058509883,0.06426318058509886,0.0,2.6666666666666665,0.0,True
96000,iir-p16000-s18000,61,16000,18000,0,0.0,0.10000000000000765,-61.085177562457666,-0.10000000000000765,-61.085177562457666,-134.3923955380899,0.3397300459456313,1.0073003596465546,0.24678789679549823,0.6355621619730072,0.0,4.0625,0.9776140606470306,True
96000,fir17-p16000-s18000,16,16000,18000,8,0.08333333333333333,4.641501409255725,-7.635655276281616,-4.641501409255725,-7.635655276281616,-11.78344003364818,0.08333333333303017,0.08333333333348492,0.29285061849720423,0.29285061849720423,0.0,0.16666666666666666,0.0,False
96000,fir33-p16000-s18000,32,16000,18000,16,0.16666666666666666,3.515515595435572,-9.557234834305321,-3.515515595435572,-9.557234834305321,-20.984600623308708,0.16666666666636348,0.166666666667273,0.3090599854898817,0.3090599854898817,0.0,0.3333333333333333,0.0,False
96000,fir65-p16000-s18000,64,16000,18000,32,0.3333333333333333,1.8404689790493052,-14.391648926852493,-1.8404689790493052,-14.391648926852493,-61.429151842813,0.33333333333272697,0.333333333334546,0.3162491809090876,0.3162491809090876,0.0,0.6666666666666666,0.0,False
96000,fir129-p16000-s18000,128,16000,18000,64,0.6666666666666666,0.2699364028610587,-30.31519597225924,-0.2699364028610587,-30.31519597225924,-85.87692523406196,0.6666666666660603,0.6666666666678793,0.31964452530672705,0.31964452530672705,0.0,1.3333333333333333,0.0,False
96000,iir-p16000-s19000,41,16000,19000,0,0.0,0.09999999999999497,-60.613913993949055,-0.09999999999999497,-35.70505620609505,-84.97595531895733,0.22496644394681853,0.6146896527927007,0.31894038061534863,0.535004602383269,0.0,2.7604166666666665,0.966642828515195,True
96000,fir17-p16000-s19000,16,16000,19000,8,0.08333333333333333,4.047498874392618,-8.556123917053736,-4.047498874392618,-6.791654465641236,-10.624323564433904,0.08333333333303017,0.08333333333348492,0.28778743848781724,0.28778743848781724,0.0,0.16666666666666666,0.0,False
96000,fir33-p16000-s19000,32,16000,19000,16,0.16666666666666666,2.5830728469212216,-11.786643345334857,-2.5830728469212216,-7.644610308227962,-17.422085358018403,0.16666666666636348,0.166666666667273,0.3038825622029873,0.3038825622029873,0.0,0.3333333333333333,0.0,False
96000,fir65-p16000-s19000,64,16000,19000,32,0.3333333333333333,0.8102599942733778,-20.982845953791983,-0.8102599942733778,-9.552954729771217,-45.63368285417588,0.33333333333272697,0.333333333334546,0.31104801942426735,0.31104801942426735,0.0,0.6666666666666666,0.0,False
96000,fir129-p16000-s19000,128,16000,19000,64,0.6666666666666666,0.00899128808693004,-60.265171525196585,0.008223095756337407,-14.388520159501297,-66.93502458904656,0.6666666666654539,0.666666666669092,0.31443791653269854,0.3144379165326986,0.0,1.3333333333333333,0.0,True
96000,iir-p16000-s20000,31,16000,20000,0,0.0,0.1000000000000145,-60.26773927196987,-0.1000000000000145,-23.03489161324358,-60.26773927196987,0.16763009925989114,0.43160087849469164,0.2923239051435553,0.5322929747851749,0.0,2.0729166666666665,0.95582454400179,True
96000,fir17-p16000-s20000,16,16000,20000,8,0.08333333333333333,3.508661480315303,-9.551909459349298,-3.508661480315303,-6.015815927149083,-9.551909459349298,0.08333333333318174,0.0833333333336365,0.2827149252360643,0.2827149252360643,0.0,0.14583333333333334,0.0,False
96000,fir33-p16000-s20000,32,16000,20000,16,0.16666666666666666,1.8354129788043059,-14.384061908014061,-1.8354129788043059,-6.018883939395527,-14.384061908014061,0.16666666666636348,0.166666666667273,0.29870329109658655,0.29870329109658655,0.0,0.3125,0.0,False
96000,fir65-p16000-s20000,64,16000,20000,32,0.3333333333333333,0.26587791286122586,-30.327387232848015,-0.26587791286122586,-6.018963496567926,-30.327387232848015,0.33333333333272697,0.333333333334546,0.3058464287696013,0.3058464287696013,0.0,0.6458333333333334,0.0,False
96000,fir129-p16000-s20000,128,16000,20000,64,0.6666666666666666,0.006307017251198664,-62.31590181462093,-0.005139695822978277,-6.019680573726446,-62.37684763259432,0.6666666666654539,0.666666666669092,0.30923121041790813,0.30923121041790813,0.0,1.3125,0.0,True
96000,iir-p16000-s24000,16,16000,24000,0,0.0,0.09999999999999301,-60.01165791406698,-0.09999999999999301,-5.4391671863169355,-23.226116336518903,0.08183388386022043,0.18230885176122533,0.24909562143479524,0.4991193262238628,0.0,1.0729166666666667,0.9141331477308874,True
96000,fir17-p16000-s24000,16,16000,24000,8,0.08333333333333333,1.8417121180221916,-14.398191940216122,-1.8417121180221916,-3.5195075659222623,-6.0243478493561735,0.08333333333318174,0.0833333333336365,0.2623473686821685,0.2623473686821685,0.0,0.16666666666666666,0.0,False
96000,fir33-p16000-s24000,32,16000,24000,16,0.16666666666666666,0.27068957563394025,-30.271421978713704,-0.27068957563394025,-1.8375146414936696,-6.02204249360539,0.16666666666636348,0.166666666667273,0.27797074109310105,0.27797074109310105,0.0,0.3333333333333333,0.0,False
96000,fir65-p16000-s24000,64,16000,24000,32,0.3333333333333333,0.006987930185341225,-64.08583030881775,-0.006823830834857939,-0.26994534720271907,-6.019861132149046,0.33333333333272697,0.333333333334546,0.28503662767031845,0.28503662767031845,0.0,0.6666666666666666,0.0,True
96000,fir129-p16000-s24000,128,16000,24000,64,0.6666666666666666,0.0035528936898559186,-70.42070169039869,0.0017435878982014403,-0.006860719005809475,-6.022188790175188,0.6666666666657572,0.6666666666678793,0.28840356919966414,0.28840356919966414,0.0,1.3333333333333333,0.0,True
96000,iir-p18000-s19000,126,18000,19000,0,0.0,0.1000000000002447,-60.22500666729114,-9.836140158843585e-14,-0.1000000000002447,-135.0937264530756,0.6160115279786772,2.2783752083426707,0.20322671229433645,0.7158328515214198,0.0,7.708333333333334,0.9884840912217294,True
96000,fir17-p18000-s19000,16,18000,19000,8,0.08333333333333333,5.304210344611083,-6.79708852232876,-3.021733827912781,-5.304210344611083,-8.56052666831088,0.08333333333318174,0.0833333333336365,0.27763394360357435,0.27763394360357435,0.0,0.16666666666666666,0.0,False
96000,fir33-p18000-s19000,32,18000,19000,16,0.16666666666666666,4.650293289707116,-7.6388175166591346,-1.2514998205240693,-4.650293289707116,-11.7810890945648,0.16666666666636348,0.166666666667273,0.29352233786713267,0.29352233786713267,0.0,0.3333333333333333,0.0,False
96000,fir65-p18000-s19000,64,18000,19000,32,0.3333333333333333,3.515560240029012,-9.550486820788704,-0.04398849991462642,-3.515560240029012,-20.995060169791625,0.33333333333272697,0.333333333334546,0.3006444747295117,0.3006444747295117,0.0,0.6666666666666666,0.0,False
96000,fir129-p18000-s19000,128,18000,19000,64,0.6666666666666666,1.8397648818499344,-14.388977890161186,0.0024752094448825344,-1.8397648818499344,-60.400895192883056,0.6666666666657572,0.6666666666678793,0.30402442012859165,0.30402442012859165,0.0,1.3333333333333333,0.0,False
96000,iir-p18000-s20000,64,18000,20000,0,0.0,0.10000000000000472,-60.584751163385214,-7.638206424312459e-10,-0.10000000000000472,-60.584751163385214,0.30842802627874105,1.0016864168530142,0.25432791570526136,0.6231967364911924,0.0,4.0,0.9773358421829637,True
96000,fir17-p18000-s20000,16,18000,20000,8,0.08333333333333333,4.653187143193664,-7.645103925454,-2.5835852759571902,-4.653187143193664,-7.645103925454,0.08333333333321966,0.0833333333336365,0.2725452533267392,0.2725452533267391,0.0,0.16666666666666666,0.0,False
96000,fir33-p18000-s20000,32,18000,20000,16,0.16666666666666666,3.512841833606353,-9.549844179157263,-0.8102829605458293,-3.512841833606353,-9.549844179157263,0.16666666666636348,0.166666666667273,0.288339848519545,0.288339848519545,0.0,0.3333333333333333,0.0,False
96000,fir65-p18000-s20000,64,18000,20000,32,0.3333333333333333,1.8394023967604278,-14.391613084103334,0.006265776493299349,-1.8394023967604278,-14.391613084103334,0.33333333333272697,0.333333333334546,0.2954421750702944,0.2954421750702944,0.0,0.6666666666666666,0.0,False
96000,fir129-p18000-s20000,128,18000,20000,64,0.6666666666666666,0.268989490317566,-30.33234023928401,-0.00039622471014922093,-0.268989490317566,-30.33234023928401,0.6666666666657572,0.6666666666678793,0.29881754234349656,0.2988175423434966,0.0,1.3333333333333333,0.0,False
96000,iir-p18000-s24000,22,18000,24000,0,0.0,0.10000000000000472,-60.719518287673424,-0.0001633277584858407,-0.10000000000000472,-10.514882040858161,0.10031584546404593,0.2600685738940835,0.25895048230046824,0.5121669243421095,0.0,1.4166666666666667,0.9342718682684363,True
96000,fir17-p18000-s24000,16,18000,24000,8,0.08333333333333333,2.590050243411181,-11.796460941313372,-1.2603160115284373,-2.590050243411181,-4.658086321105955,0.08333333333318174,0.0833333333336365,0.25212584977071895,0.2521258497707189,0.0,0.16666666666666666,0.0,False
96000,fir33-p18000-s24000,32,18000,24000,16,0.16666666666666666,0.8143374582408367,-20.988985997986763,-0.04821721916135058,-0.8143374582408367,-3.5201875538945977,0.16666666666636348,0.166666666667273,0.26759680791188806,0.26759680791188806,0.0,0.3125,0.0,False
96000,fir65-p18000-s24000,64,18000,24000,32,0.3333333333333333,0.010493101960752593,-59.816064248500915,0.006053988432292856,0.009758987732169322,-1.8373944249716656,0.33333333333272697,0.333333333334546,0.2746299875441953,0.2746299875441953,0.0,0.6458333333333334,0.0,False
96000,fir129-p18000-s24000,128,18000,24000,64,0.6666666666666666,0.004441116642210934,-66.72642225745103,0.00036878662914171216,0.00023402522294211123,-0.2671676211434839,0.6666666666657572,0.6666666666678793,0.2779893310458437,0.2779893310458438,0.0,1.3125,0.0,True
