rate,profile,source,candidate,relative_rms_error,peak_normalized_error,spectral_magnitude_relative_error,finite,outside_band_energy_fraction,reference_convergence_relative_rms,reference_qualified,error_budget_pass
44100,reference,A1,lagrange3,0.06051938295212321,0.12752097364545054,0.021287888069125734,True,0.00026506944745870387,1.3154131588992905e-06,True,False
44100,reference,A1,lagrange7,0.20800595901518992,0.5817174254300176,0.18821134401153475,True,0.00026506944745870387,1.3154131588992905e-06,True,False
44100,reference,A1,lagrange15,10.055678067310652,33.276923057821655,9.995385039239192,True,0.00026506944745870387,1.3154131588992905e-06,True,False
44100,reference,A1,farrow7-fir32,0.13581235199181027,0.2045872712410022,0.12698342969936077,True,0.00026506944745870387,1.3154131588992905e-06,True,False
44100,reference,A1,vfd-ls32,0.13581184435575414,0.20458651241859538,0.12698292564141744,True,0.00026506944745870387,1.3154131588992905e-06,True,False
44100,reference,A1,vfd-ls64,5.547295564408394,7.207255402568663,5.546147869879803,True,0.00026506944745870387,1.3154131588992905e-06,True,False
44100,reference,A1,sinc129-noncausal-control,0.0032090710187000792,0.0014038167405935973,0.0025208330463402104,True,0.00026506944745870387,1.3154131588992905e-06,True,True
44100,reference,B1,lagrange3,0.0022463751593598076,0.008904898548203593,0.0021495396896604375,True,2.6922611048034624e-06,1.9011799702968472e-07,True,True
44100,reference,B1,lagrange7,0.0040558121130180634,0.020250564852324765,0.001901216088374998,True,2.6922611048034624e-06,1.9011799702968472e-07,True,False
44100,reference,B1,lagrange15,0.10041690321918983,0.4785075524258768,0.09847827765628428,True,2.6922611048034624e-06,1.9011799702968472e-07,True,False
44100,reference,B1,farrow7-fir32,0.03893494548456794,0.07306848811219963,0.0372192981432508,True,2.6922611048034624e-06,1.9011799702968472e-07,True,False
44100,reference,B1,vfd-ls32,0.038934800114429305,0.0730681209259551,0.03721915790126604,True,2.6922611048034624e-06,1.9011799702968472e-07,True,False
44100,reference,B1,vfd-ls64,0.5855857172942341,1.2149769965579844,0.58501154857496,True,2.6922611048034624e-06,1.9011799702968472e-07,True,False
44100,reference,B1,sinc129-noncausal-control,0.000365383742916503,0.00025556679430206405,0.00033369899407058665,True,2.6922611048034624e-06,1.9011799702968472e-07,True,True
44100,reference,AB,lagrange3,0.06044125621562703,0.12752100114057818,0.021260815112719492,True,0.0002643869224184774,1.3117818550992164e-06,True,False
44100,reference,AB,lagrange7,0.20773716484537508,0.5817174425248735,0.18796794303979175,True,0.0002643869224184774,1.3117818550992164e-06,True,False
44100,reference,AB,lagrange15,10.042680558201189,33.27692233110739,9.98246520692827,True,0.0002643869224184774,1.3117818550992164e-06,True,False
44100,reference,AB,farrow7-fir32,0.13565104791441787,0.20458729667072373,0.1268340691695332,True,0.0002643869224184774,1.3117818550992164e-06,True,False
44100,reference,AB,vfd-ls32,0.1356505408803349,0.20458653784833417,0.12683356571351898,True,0.0002643869224184774,1.3117818550992164e-06,True,False
44100,reference,AB,vfd-ls64,5.540204469107942,7.207255268066985,5.539100257429678,True,0.0002643869224184774,1.3117818550992164e-06,True,False
44100,reference,AB,sinc129-noncausal-control,0.0032048846292974664,0.0014038487086401362,0.002517621884056272,True,0.0002643869224184774,1.3117818550992164e-06,True,True
44100,edge,A1,lagrange3,0.5070897106067913,0.6451911864703113,0.19117746746412184,True,0.026111469438652214,9.43373590737657e-06,True,False
44100,edge,A1,lagrange7,2.1506452405285352,2.8872844423901856,1.971068666492643,True,0.026111469438652214,9.43373590737657e-06,True,False
44100,edge,A1,lagrange15,130.6410803640091,169.7741306867125,130.06216570885294,True,0.026111469438652214,9.43373590737657e-06,True,False
44100,edge,A1,farrow7-fir32,0.9592077455862069,0.8819446011789279,0.8927201306670925,True,0.026111469438652214,9.43373590737657e-06,True,False
44100,edge,A1,vfd-ls32,0.9592039900576049,0.8819388617515387,0.8927163646154314,True,0.026111469438652214,9.43373590737657e-06,True,False
44100,edge,A1,vfd-ls64,41.33191376411035,31.165948923529566,41.32957856939614,True,0.026111469438652214,9.43373590737657e-06,True,False
44100,edge,A1,sinc129-noncausal-control,0.024364893111741278,0.006878565555968284,0.01795380020974465,True,0.026111469438652214,9.43373590737657e-06,True,False
44100,edge,B1,lagrange3,0.5552881372256359,0.5241763834497982,0.5408599176781789,True,0.06064688396988562,2.067375221104483e-05,True,False
44100,edge,B1,lagrange7,1.0152006201410115,0.7874622709655367,0.5268679999710949,True,0.06064688396988562,2.067375221104483e-05,True,False
44100,edge,B1,lagrange15,24.083471964710498,19.9964720916633,23.456697095036628,True,0.06064688396988562,2.067375221104483e-05,True,False
44100,edge,B1,farrow7-fir32,1.6021623056649426,1.073313657978873,1.5256057703335528,True,0.06064688396988562,2.067375221104483e-05,True,False
44100,edge,B1,vfd-ls32,1.6021575997257764,1.0733108553463289,1.5256010685014663,True,0.06064688396988562,2.067375221104483e-05,True,False
44100,edge,B1,vfd-ls64,65.35580967818925,36.35514842094574,65.3052661912262,True,0.06064688396988562,2.067375221104483e-05,True,False
44100,edge,B1,sinc129-noncausal-control,0.04004999146318309,0.007774041995887399,0.03658846303699424,True,0.06064688396988562,2.067375221104483e-05,True,False
44100,edge,AB,lagrange3,0.5070897146594943,0.645191181729519,0.19117781136443407,True,0.026111473214449954,9.432558146874356e-06,True,False
44100,edge,AB,lagrange7,2.150645119143715,2.8872844946663707,1.9710685198631657,True,0.026111473214449954,9.432558146874356e-06,True,False
44100,edge,AB,lagrange15,130.64107176068495,169.77413298322082,130.06215755427294,True,0.026111473214449954,9.432558146874356e-06,True,False
44100,edge,AB,farrow7-fir32,0.9592076994219696,0.881944626379305,0.8927210100971138,True,0.026111473214449954,9.432558146874356e-06,True,False
44100,edge,AB,vfd-ls32,0.9592039438928527,0.8819388869518386,0.8927172440430715,True,0.026111473214449954,9.432558146874356e-06,True,False
44100,edge,AB,vfd-ls64,41.33191772616301,31.16594935568716,41.329615966288024,True,0.026111473214449954,9.432558146874356e-06,True,False
44100,edge,AB,sinc129-noncausal-control,0.024364820717150362,0.006878579811910868,0.017953986608348946,True,0.026111473214449954,9.432558146874356e-06,True,False
48000,reference,A1,lagrange3,0.17357811004594226,0.1883227923759445,0.0739860507860633,True,0.003502134298126362,5.298144520316694e-06,True,False
48000,reference,A1,lagrange7,0.5928108702022129,0.8755481213167176,0.525107944373349,True,0.003502134298126362,5.298144520316694e-06,True,False
48000,reference,A1,lagrange15,30.434760617312616,49.92326117280992,30.27079881926516,True,0.003502134298126362,5.298144520316694e-06,True,False
48000,reference,A1,farrow7-fir32,0.39905141763920077,0.2860855035946783,0.3721468143457907,True,0.003502134298126362,5.298144520316694e-06,True,False
48000,reference,A1,vfd-ls32,0.39904976146447996,0.28608470409199277,0.3721451829093039,True,0.003502134298126362,5.298144520316694e-06,True,False
48000,reference,A1,vfd-ls64,16.85648873644097,10.213854297836466,16.829299910975674,True,0.003502134298126362,5.298144520316694e-06,True,False
48000,reference,A1,sinc129-noncausal-control,0.011411258659936842,0.0024751423768422,0.008904906619439094,True,0.003502134298126362,5.298144520316694e-06,True,False
48000,reference,B1,lagrange3,0.0019449672713899603,0.00806626867345269,0.0018839277696980725,True,1.9707895406382525e-06,1.9311829882401199e-07,True,True
48000,reference,B1,lagrange7,0.003145846256715097,0.016031705442672954,0.001869010922941833,True,1.9707895406382525e-06,1.9311829882401199e-07,True,False
48000,reference,B1,lagrange15,0.06941188059017415,0.3442290765050356,0.06783738062534016,True,1.9707895406382525e-06,1.9311829882401199e-07,True,False
48000,reference,B1,farrow7-fir32,0.036339012160834454,0.0585048079681849,0.034950087390980114,True,1.9707895406382525e-06,1.9311829882401199e-07,True,False
48000,reference,B1,vfd-ls32,0.036338910454825506,0.05850456853922936,0.03494998830958978,True,1.9707895406382525e-06,1.9311829882401199e-07,True,False
48000,reference,B1,vfd-ls64,0.4301651932060273,0.924409502628075,0.42965037296875164,True,1.9707895406382525e-06,1.9311829882401199e-07,True,False
48000,reference,B1,sinc129-noncausal-control,0.00031931753783922336,0.00022900150258442888,0.0002984092175422427,True,1.9707895406382525e-06,1.9311829882401199e-07,True,True
48000,reference,AB,lagrange3,0.1682350313426326,0.1883228163678272,0.07170609622032253,True,0.003290092430614941,5.174103795946747e-06,True,False
48000,reference,AB,lagrange7,0.5745612570416126,0.8755481279438854,0.5089435366658469,True,0.003290092430614941,5.174103795946747e-06,True,False
48000,reference,AB,lagrange15,29.497812793107652,49.92325994614527,29.338873044005535,True,0.003290092430614941,5.174103795946747e-06,True,False
48000,reference,AB,farrow7-fir32,0.3868689157938286,0.2860855247370071,0.3608037695532404,True,0.003290092430614941,5.174103795946747e-06,True,False
48000,reference,AB,vfd-ls32,0.3868673104527503,0.28608472523434164,0.3608021880748193,True,0.003290092430614941,5.174103795946747e-06,True,False
48000,reference,AB,vfd-ls64,16.3378939210987,10.213854068571708,16.311627515996317,True,0.003290092430614941,5.174103795946747e-06,True,False
48000,reference,AB,sinc129-noncausal-control,0.011059269389870667,0.0024751730051679136,0.008624304329817568,True,0.003290092430614941,5.174103795946747e-06,True,False
48000,edge,A1,lagrange3,0.350677097996227,0.45199855058095717,0.1773473145498655,True,0.01380148859535796,1.07124338740753e-05,True,False
48000,edge,A1,lagrange7,1.2505207510365053,2.1095340987798235,1.114490123294023,True,0.01380148859535796,1.07124338740753e-05,True,False
48000,edge,A1,lagrange15,64.32364430255423,120.06941031105188,63.8587289330694,True,0.01380148859535796,1.07124338740753e-05,True,False
48000,edge,A1,farrow7-fir32,0.7885096454830635,0.6625208200525606,0.7351312326145779,True,0.01380148859535796,1.07124338740753e-05,True,False
48000,edge,A1,vfd-ls32,0.7885062264185029,0.6625176431142795,0.7351278493242448,True,0.01380148859535796,1.07124338740753e-05,True,False
48000,edge,A1,vfd-ls64,33.438800129528545,23.579609957948787,33.38507262052356,True,0.01380148859535796,1.07124338740753e-05,True,False
48000,edge,A1,sinc129-noncausal-control,0.0223953755101863,0.005692263100200699,0.01728936604905682,True,0.01380148859535796,1.07124338740753e-05,True,False
48000,edge,B1,lagrange3,0.44179315091437843,0.42811528630760237,0.4347561842122149,True,0.018767895003885024,1.7697499091914918e-05,True,False
48000,edge,B1,lagrange7,0.6474477171339903,0.49976929070104503,0.4793015638060396,True,0.018767895003885024,1.7697499091914918e-05,True,False
48000,edge,B1,lagrange15,12.119194417127588,11.268680223240542,11.019676892700364,True,0.018767895003885024,1.7697499091914918e-05,True,False
48000,edge,B1,farrow7-fir32,1.0636544342991168,0.6792731793670886,1.0288890639375736,True,0.018767895003885024,1.7697499091914918e-05,True,False
48000,edge,B1,vfd-ls32,1.0636512055915666,0.6792720612221581,1.0288858123035878,True,0.018767895003885024,1.7697499091914918e-05,True,False
48000,edge,B1,vfd-ls64,40.90848405072726,23.37305398861981,40.86159264800154,True,0.018767895003885024,1.7697499091914918e-05,True,False
48000,edge,B1,sinc129-noncausal-control,0.029499388376900044,0.005649243601902398,0.02759928952979686,True,0.018767895003885024,1.7697499091914918e-05,True,False
48000,edge,AB,lagrange3,0.35067711496508774,0.4519985419876166,0.17734834892428694,True,0.013801516328140476,1.07197871378137e-05,True,False
48000,edge,AB,lagrange7,1.2505206114612522,2.10953409353326,1.1144909424745073,True,0.013801516328140476,1.07197871378137e-05,True,False
48000,edge,AB,lagrange15,64.32363596108777,120.06940966800406,63.8587223275766,True,0.013801516328140476,1.07197871378137e-05,True,False
48000,edge,AB,farrow7-fir32,0.7885095502122221,0.6625208225449157,0.7351336679239636,True,0.013801516328140476,1.07197871378137e-05,True,False
48000,edge,AB,vfd-ls32,0.7885061311473007,0.6625176456066518,0.7351302846282364,True,0.013801516328140476,1.07197871378137e-05,True,False
48000,edge,AB,vfd-ls64,33.43880209227781,23.579609836383586,33.3850939101146,True,0.013801516328140476,1.07197871378137e-05,True,False
48000,edge,AB,sinc129-noncausal-control,0.02239519709636547,0.005692269669202558,0.01728803246139578,True,0.013801516328140476,1.07197871378137e-05,True,False
96000,reference,A1,lagrange3,0.01609267737171507,0.06065888469329309,0.012587452079056727,True,0.001362111296651293,1.2658156478757805e-06,True,False
96000,reference,A1,lagrange7,0.055558426057728594,0.24521276234412506,0.03973998602575154,True,0.001362111296651293,1.2658156478757805e-06,True,False
96000,reference,A1,lagrange15,3.63292086731165,14.512054286783977,3.616486771000431,True,0.001362111296651293,1.2658156478757805e-06,True,False
96000,reference,A1,farrow7-fir32,331.58002951155834,765.4295818114335,331.5635395392952,True,0.001362111296651293,1.2658156478757805e-06,True,False
96000,reference,A1,vfd-ls32,331.57817044708446,765.4234739272823,331.56168047478263,True,0.001362111296651293,1.2658156478757805e-06,True,False
96000,reference,A1,vfd-ls64,235.00122306052208,456.1376735311319,234.97789692226056,True,0.001362111296651293,1.2658156478757805e-06,True,False
96000,reference,A1,sinc129-noncausal-control,0.0019868597975975615,0.000858749505901955,0.0012239100301884246,True,0.001362111296651293,1.2658156478757805e-06,True,True
96000,reference,B1,lagrange3,0.00018460213778397983,0.0014574280081118746,0.00012674784901629165,True,1.7548227923957958e-06,2.9841018015049845e-08,True,True
96000,reference,B1,lagrange7,0.00013055950433540084,0.000745418692518053,7.165349423759234e-05,True,1.7548227923957958e-06,2.9841018015049845e-08,True,True
96000,reference,B1,lagrange15,0.0007322666766878229,0.005040579575803576,0.00031219117855638275,True,1.7548227923957958e-06,2.9841018015049845e-08,True,True
96000,reference,B1,farrow7-fir32,7.6619152065357214,39.5793770851447,7.661381200512065,True,1.7548227923957958e-06,2.9841018015049845e-08,True,False
96000,reference,B1,vfd-ls32,7.661807856444829,39.5789793364884,7.661273851028357,True,1.7548227923957958e-06,2.9841018015049845e-08,True,False
96000,reference,B1,vfd-ls64,6.3475108522756996,24.37471448352874,6.346704165043279,True,1.7548227923957958e-06,2.9841018015049845e-08,True,False
96000,reference,B1,sinc129-noncausal-control,2.840615502980171e-05,2.8857354836478758e-05,1.4273502703634415e-05,True,1.7548227923957958e-06,2.9841018015049845e-08,True,True
96000,reference,AB,lagrange3,0.015924514444352594,0.06065884600378917,0.012456029672531427,True,0.0013338275197006004,1.256381033124373e-06,True,False
96000,reference,AB,lagrange7,0.05497778549238273,0.24521272124589147,0.039324640325976504,True,0.0013338275197006004,1.256381033124373e-06,True,False
96000,reference,AB,lagrange15,3.594953817089331,14.512054067351484,3.5786901674846288,True,0.0013338275197006004,1.256381033124373e-06,True,False
96000,reference,AB,farrow7-fir32,328.11660314535266,765.4295722420134,328.10017847911655,True,0.0013338275197006004,1.256381033124373e-06,True,False
96000,reference,AB,vfd-ls32,328.1147634679521,765.4234643579384,328.0983388022655,True,0.0013338275197006004,1.256381033124373e-06,True,False
96000,reference,AB,vfd-ls64,232.54706655228836,456.13766782337757,232.5239083960616,True,0.0013338275197006004,1.256381033124373e-06,True,False
96000,reference,AB,sinc129-noncausal-control,0.00196612458672591,0.0008587634334341679,0.0012109869312304361,True,0.0013338275197006004,1.256381033124373e-06,True,True
96000,edge,A1,lagrange3,0.0425109851682597,0.08023021069459786,0.03299822992451162,True,0.009253865475941253,2.971430600016005e-06,True,False
96000,edge,A1,lagrange7,0.13477480340570003,0.3207002944040376,0.09603058866680549,True,0.009253865475941253,2.971430600016005e-06,True,False
96000,edge,A1,lagrange15,8.713825919688606,18.64220434929203,8.67278075810472,True,0.009253865475941253,2.971430600016005e-06,True,False
96000,edge,A1,farrow7-fir32,810.2712710016524,997.7356039860063,810.2309935772246,True,0.009253865475941253,2.971430600016005e-06,True,False
96000,edge,A1,vfd-ls32,810.2667303421275,997.727642897448,810.2264529172385,True,0.009253865475941253,2.971430600016005e-06,True,False
96000,edge,A1,vfd-ls64,586.4532075599651,596.7522281317764,586.3951736530744,True,0.009253865475941253,2.971430600016005e-06,True,False
96000,edge,A1,sinc129-noncausal-control,0.004835305600898431,0.0010915415584548734,0.002967489807993625,True,0.009253865475941253,2.971430600016005e-06,True,True
96000,edge,B1,lagrange3,0.02127893023760747,0.02919394943048102,0.01725514762913267,True,0.012098808376062833,2.6335643593016717e-06,True,False
96000,edge,B1,lagrange7,0.011144320055015417,0.01606644827667403,0.006088725883541532,True,0.012098808376062833,2.6335643593016717e-06,True,False
96000,edge,B1,lagrange15,0.06247285219676343,0.1143196294822674,0.025092147016505,True,0.012098808376062833,2.6335643593016717e-06,True,False
96000,edge,B1,farrow7-fir32,651.4679497252282,914.9380364476334,651.425034477725,True,0.012098808376062833,2.6335643593016717e-06,True,False
96000,edge,B1,vfd-ls32,651.4581166159064,914.9288046695059,651.4152013632935,True,0.012098808376062833,2.6335643593016717e-06,True,False
96000,edge,B1,vfd-ls64,501.1245424687215,554.136754193609,501.06163729416653,True,0.012098808376062833,2.6335643593016717e-06,True,False
96000,edge,B1,sinc129-noncausal-control,0.0025036704756849137,0.000701539830144699,0.0012589515325264285,True,0.012098808376062833,2.6335643593016717e-06,True,True
96000,edge,AB,lagrange3,0.04251098178041623,0.0802302055328431,0.032998210757357226,True,0.009253865979852805,2.9723928031687865e-06,True,False
96000,edge,AB,lagrange7,0.13477478898927758,0.32070028883107077,0.09603057326963138,True,0.009253865979852805,2.9723928031687865e-06,True,False
96000,edge,AB,lagrange15,8.713825164990675,18.64220431341574,8.672780007869598,True,0.009253865979852805,2.9723928031687865e-06,True,False
96000,edge,AB,farrow7-fir32,810.2712462952181,997.7356023355849,810.2309692678074,True,0.009253865979852805,2.9723928031687865e-06,True,False
96000,edge,AB,vfd-ls32,810.2667056349749,997.7276412470397,810.2264286070991,True,0.009253865979852805,2.9723928031687865e-06,True,False
96000,edge,AB,vfd-ls64,586.4531939105115,596.752227143976,586.3951603564864,True,0.009253865979852805,2.9723928031687865e-06,True,False
96000,edge,AB,sinc129-noncausal-control,0.00483531188012941,0.00109154340142133,0.0029674566332636666,True,0.009253865979852805,2.9723928031687865e-06,True,True
