source,role,case,mode,finite,partition_exact,difference_from_AB_rms,peak_linear,rms_linear,dc_left,dc_right,peak_dbfs,rms_dbfs,source_window_rms_dbfs,e_to_source_db,spectral_energy_centroid_hz,tail_energy,tail_energy_centroid_seconds,d1_min_path_m,d1_max_path_m,d1_max_speed_mps,d1_correction_rms,d1_drain_samples
-_Sub Bass.wav,user supplied musical sample,AB,a1b1,True,True,0.0,0.028911398723721504,0.0004564876004145156,5.061895559024651e-08,5.020089120328843e-08,-30.778617936009596,-66.81142029445303,-65.76690598646036,-44.08308074966814,4403.915176005673,0.0,0.0,,,,,
-_Sub Bass.wav,user supplied musical sample,AB-D0,a1b1d,True,True,0.01320210510602038,0.09174488484859467,0.013209044713127413,-4.652911828641261e-09,-3.3697057464735717e-09,-20.748362801780488,-37.58257179429399,-36.53805748630132,-14.8542322495091,107.91520665446106,0.0,0.0,,,,,
-_Sub Bass.wav,user supplied musical sample,A-U0-A0.005,a1b1d1,True,True,0.0,0.028911398723721504,0.0004564876004145156,5.061895559024651e-08,5.020089120328843e-08,-30.778617936009596,-66.81142029445303,-65.76690598646036,-44.08308074966814,4403.915176005673,0.0,0.0,0,0,0,0,4
-_Sub Bass.wav,user supplied musical sample,A-U0-A0.015,a1b1d1,True,True,0.0,0.028911398723721504,0.0004564876004145156,5.061895559024651e-08,5.020089120328843e-08,-30.778617936009596,-66.81142029445303,-65.76690598646036,-44.08308074966814,4403.915176005673,0.0,0.0,0,0,0,0,4
-_Sub Bass.wav,user supplied musical sample,A-U0-A0.03,a1b1d1,True,True,0.0,0.028911398723721504,0.0004564876004145156,5.061895559024651e-08,5.020089120328843e-08,-30.778617936009596,-66.81142029445303,-65.76690598646036,-44.08308074966814,4403.915176005673,0.0,0.0,0,0,0,0,4
-_Sub Bass.wav,user supplied musical sample,A-U0.05-A0.005,a1b1d1,True,True,2.891635162748472e-05,0.028963027521967888,0.00045598462744686133,5.061907145745632e-08,5.020102620676827e-08,-30.763120860988273,-66.8209959680945,-65.77648166010182,-44.092656423309606,4359.236947453749,0.0,0.0,0,0.0049249354004859925,0.011576681562097332,2.8916351715952816e-05,4
-_Sub Bass.wav,user supplied musical sample,A-U0.05-A0.015,a1b1d1,True,True,7.830097133876171e-05,0.029056204482913017,0.00045685454367293716,5.0619262047512966e-08,5.020122544980276e-08,-30.735222336054434,-66.80444102860355,-65.75992672061088,-44.07610148381866,4362.464509320609,0.0,0.0,0,0.014774806201457977,0.034730044686291997,7.8300971277127051e-05,4
-_Sub Bass.wav,user supplied musical sample,A-U0.05-A0.03,a1b1d1,True,True,0.00013817067006896794,0.029171006754040718,0.00045868194498064507,5.061778251571545e-08,5.019971503623703e-08,-30.700971643702065,-66.76976709182733,-65.72525278383466,-44.041427547042446,4419.001553125646,0.0,0.0,0,0.029549612402915953,0.049999999981973492,0.00013817067020628767,4
-_Sub Bass.wav,user supplied musical sample,A-U0.2-A0.005,a1b1d1,True,True,3.429658065137319e-05,0.029086502268910408,0.00045590465476115613,5.061886227336101e-08,5.020077950560082e-08,-30.726170014139186,-66.82251947305815,-65.77800516506548,-44.09417992827326,4354.784190467009,0.0,0.0,0,0.0049524778127670293,0.046306725983713937,3.4296580592813611e-05,4
-_Sub Bass.wav,user supplied musical sample,A-U0.2-A0.015,a1b1d1,True,True,9.068888656526705e-05,0.029299547895789146,0.0004572706471375576,5.061864554211203e-08,5.020056320522158e-08,-30.66278161877369,-66.79653351427692,-65.75201920628425,-44.06819396949203,4373.84793326081,0.0,0.0,0,0.014857433438301086,0.13892017795116093,9.0688886686092506e-05,4
-_Sub Bass.wav,user supplied musical sample,A-U0.2-A0.03,a1b1d1,True,True,0.00015900885139626456,0.02928835153579712,0.00045893695084972975,5.063222377343977e-08,5.02141593226385e-08,-30.666101428815224,-66.76493948223252,-65.72042517423985,-44.03659993744763,4428.964673038874,0.0,0.0,0,0.029714866876602172,0.19999999917328509,0.00015900885161496703,4
-_Sub Bass.wav,user supplied musical sample,A-U0.5-A0.005,a1b1d1,True,True,3.846940510262099e-05,0.029163718223571777,0.00045596553846997414,5.062146713660069e-08,5.020340763720917e-08,-30.703142130376364,-66.82135959486439,-65.77684528687172,-44.0930200500795,4350.849113584712,0.0,0.0,0,0.0049619269371032719,0.12259136785944866,3.8469405080140703e-05,4
-_Sub Bass.wav,user supplied musical sample,A-U0.5-A0.015,a1b1d1,True,True,0.00010395744241291245,0.02934126742184162,0.000457619145211868,5.06265203434535e-08,5.020842941989221e-08,-30.650422607111953,-66.78991628893621,-65.74540198094354,-44.061576744151324,4376.300538262263,0.0,0.0,0,0.014885780811309814,0.36777410357834595,0.00010395744244184071,4
-_Sub Bass.wav,user supplied musical sample,A-U0.5-A0.03,a1b1d1,True,True,0.00018029763706710529,0.02836201712489128,0.00045963196314262095,5.067509028928479e-08,5.025703001823115e-08,-30.94525770175609,-66.7517955555588,-65.70728124756613,-44.02345601077391,4448.926209905532,0.0,0.0,0,0.029771561622619628,0.49999998594201561,0.00018029763717739784,4
-_Sub Bass.wav,user supplied musical sample,B-L0.01,a1b1d1,True,True,9.900804172279552e-05,0.02934042364358902,0.0004573137717131049,5.0637717325135786e-08,5.021965164641956e-08,-30.65067239421415,-66.79571439841085,-65.75120009041818,-44.067374853625964,4368.782789949081,0.0,0.0,0,0.014885780811309814,0.19999999679309999,9.9008041495586831e-05,4
-_Sub Bass.wav,user supplied musical sample,B-L0.03,a1b1d1,True,True,9.068888656526705e-05,0.029299547895789146,0.0004572706471375576,5.061864554211203e-08,5.020056320522158e-08,-30.66278161877369,-66.79653351427692,-65.75201920628425,-44.06819396949203,4373.84793326081,0.0,0.0,0,0.014857433438301086,0.13892017795116093,9.0688886686092506e-05,4
-_Sub Bass.wav,user supplied musical sample,B-L0.1,a1b1d1,True,True,8.798793162787391e-05,0.029100438579916954,0.00045708465744276995,5.061664396684586e-08,5.019857518221303e-08,-30.722009312101463,-66.80006712091085,-65.75555281291818,-44.071727576125966,4366.876165209734,0.0,0.0,0,0.014774806201457977,0.041676053588528099,8.7987931602042589e-05,4
ABL2_Loops_42_Partisan_BPM170.wav,user supplied musical sample,AB,a1b1,True,True,0.0,0.026562729850411415,0.0007652892581902078,1.1555937690196024e-07,-7.635880143391451e-07,-31.51454589176708,-62.323487650083074,-60.47302761394435,-31.277379073792318,1660.1959129238815,0.0,0.0,,,,,
ABL2_Loops_42_Partisan_BPM170.wav,user supplied musical sample,AB-D0,a1b1d,True,True,0.0037668470218479486,0.09949915111064911,0.0038443093875700357,1.1798394311629251e-07,-7.627720768285176e-07,-20.043612489514334,-48.303633357075704,-46.453186336486084,-17.25753779633405,7270.401679060667,1.8383323605128198e-05,0.002037629246603215,,,,,
ABL2_Loops_42_Partisan_BPM170.wav,user supplied musical sample,A-U0-A0.005,a1b1d1,True,True,0.0,0.026562729850411415,0.0007652892581902078,1.1555937690196024e-07,-7.635880143391451e-07,-31.51454589176708,-62.323487650083074,-60.47302761394435,-31.277379073792318,1660.1959129238815,0.0,0.0,0,0,0,0,4
ABL2_Loops_42_Partisan_BPM170.wav,user supplied musical sample,A-U0-A0.015,a1b1d1,True,True,0.0,0.026562729850411415,0.0007652892581902078,1.1555937690196024e-07,-7.635880143391451e-07,-31.51454589176708,-62.323487650083074,-60.47302761394435,-31.277379073792318,1660.1959129238815,0.0,0.0,0,0,0,0,4
ABL2_Loops_42_Partisan_BPM170.wav,user supplied musical sample,A-U0-A0.03,a1b1d1,True,True,0.0,0.026562729850411415,0.0007652892581902078,1.1555937690196024e-07,-7.635880143391451e-07,-31.51454589176708,-62.323487650083074,-60.47302761394435,-31.277379073792318,1660.1959129238815,0.0,0.0,0,0,0,0,4
ABL2_Loops_42_Partisan_BPM170.wav,user supplied musical sample,A-U0.05-A0.005,a1b1d1,True,True,1.3849973918954104e-05,0.02655443176627159,0.0007653060895101029,1.1555958708130793e-07,-7.635879810522024e-07,-31.517259750770027,-62.32329661985774,-60.47283658371903,-31.277188043566994,1659.7252409686228,0.0,0.0,0,0.0049249354004859925,0.011576681565518554,1.3849974061527289e-05,4
ABL2_Loops_42_Partisan_BPM170.wav,user supplied musical sample,A-U0.05-A0.015,a1b1d1,True,True,4.0811865824679035e-05,0.026526372879743576,0.0007653564562867069,1.1556003535465682e-07,-7.635879298086464e-07,-31.526442596285456,-62.3227249977659,-60.47226496162718,-31.276616421475147,1660.1760924508908,0.0,0.0,0,0.014774806201457977,0.034730044696534845,4.0811865857861869e-05,4
ABL2_Loops_42_Partisan_BPM170.wav,user supplied musical sample,A-U0.05-A0.03,a1b1d1,True,True,8.1846496756812e-05,0.026477467268705368,0.0007653875112622563,1.1555592625473261e-07,-7.635829457959211e-07,-31.54247120325117,-62.32237256771086,-60.471912531572144,-31.27626399142011,1661.0229765919926,0.0,0.0,0,0.029549612402915953,0.049999999989336352,8.1846497199452727e-05,4
ABL2_Loops_42_Partisan_BPM170.wav,user supplied musical sample,A-U0.2-A0.005,a1b1d1,True,True,1.6686972194704358e-05,0.026561375707387924,0.0007653043452963471,1.1555858520968389e-07,-7.635756570312076e-07,-31.51498870155127,-62.32331641594412,-60.4728563798054,-31.277207839653364,1659.509626699963,0.0,0.0,0,0.0049524778127670293,0.046306725145467409,1.6686972318999904e-05,4
ABL2_Loops_42_Partisan_BPM170.wav,user supplied musical sample,A-U0.2-A0.015,a1b1d1,True,True,4.8932516027537465e-05,0.026558205485343933,0.0007653642278485059,1.1555701345023655e-07,-7.635510945355276e-07,-31.516025464199497,-62.322636800188384,-60.472176764049664,-31.27652822389763,1660.3807574762466,0.0,0.0,0,0.014857433438301086,0.13892017543640223,4.8932516031122894e-05,4
ABL2_Loops_42_Partisan_BPM170.wav,user supplied musical sample,A-U0.2-A0.03,a1b1d1,True,True,9.323744186043019e-05,0.026546677574515343,0.0007653961360628271,1.1553974259858182e-07,-7.635612142395356e-07,-31.519796498312292,-62.322274690958594,-60.47181465481987,-31.276166114667838,1660.921010123293,0.0,0.0,0,0.029714866876602172,0.19999999903491661,9.3237441895958805e-05,4
ABL2_Loops_42_Partisan_BPM170.wav,user supplied musical sample,A-U0.5-A0.005,a1b1d1,True,True,1.92404207604759e-05,0.02653937228024006,0.0007653127023014042,1.1554537484083681e-07,-7.635877881371619e-07,-31.52218706910906,-62.32322156789085,-60.47276153175214,-31.277112991600106,1659.4076456706805,0.0,0.0,0,0.0049619269371032719,0.12259137149910754,1.9240420966695299e-05,4
ABL2_Loops_42_Partisan_BPM170.wav,user supplied musical sample,A-U0.5-A0.015,a1b1d1,True,True,5.673058752126577e-05,0.026437314227223396,0.0007653859161203455,1.1551735721346953e-07,-7.635873106464824e-07,-31.555653340416878,-62.322390669967334,-60.47193063382862,-31.276282093676585,1660.2995488060822,0.0,0.0,0,0.014885780811309814,0.36777411449734343,5.6730587386985325e-05,4
ABL2_Loops_42_Partisan_BPM170.wav,user supplied musical sample,A-U0.5-A0.03,a1b1d1,True,True,0.00010810142545522644,0.026517216116189957,0.0007654201038496914,1.1551636847336976e-07,-7.635757378349489e-07,-31.529441437048842,-62.32200270331415,-60.47154266717543,-31.275894127023392,1662.0830979852908,0.0,0.0,0,0.029771561622619628,0.49999998928268452,0.00010810142569098939,4
ABL2_Loops_42_Partisan_BPM170.wav,user supplied musical sample,B-L0.01,a1b1d1,True,True,5.59630569952201e-05,0.026510564610362053,0.0007653735450748404,1.1560416995155558e-07,-7.635725979867632e-07,-31.531620455105397,-62.322531062417866,-60.47207102627915,-31.276422486127117,1660.0877885036844,0.0,0.0,0,0.014885780811309814,0.19999999720679562,5.5963057254951708e-05,4
ABL2_Loops_42_Partisan_BPM170.wav,user supplied musical sample,B-L0.03,a1b1d1,True,True,4.8932516027537465e-05,0.026558205485343933,0.0007653642278485059,1.1555701345023655e-07,-7.635510945355276e-07,-31.516025464199497,-62.322636800188384,-60.472176764049664,-31.27652822389763,1660.3807574762466,0.0,0.0,0,0.014857433438301086,0.13892017543640223,4.8932516031122894e-05,4
ABL2_Loops_42_Partisan_BPM170.wav,user supplied musical sample,B-L0.1,a1b1d1,True,True,3.997324700678451e-05,0.02650565467774868,0.0007653719306703604,1.1557182773094935e-07,-7.635851319826235e-07,-31.533229288534287,-62.3225493836076,-60.47208934746888,-31.276440807316845,1660.433008644386,0.0,0.0,0,0.014774806201457977,0.041676053606332086,3.9973247103060864e-05,4
sustained-pad-engineering.wav,engineering pad,AB,a1b1,True,True,0.0,0.027526115998625755,0.0003427587156202208,-4.278719082211583e-07,2.1393595411057915e-07,-31.20510128565664,-69.3002298643857,-67.53931727382889,-44.22939471482441,3152.523451703411,0.0,0.0,,,,,
sustained-pad-engineering.wav,engineering pad,AB-D0,a1b1d,True,True,0.006353147400019618,0.04308556020259857,0.006361970464175605,-4.1524220390682744e-07,2.0762110195341372e-07,-27.313365118861306,-43.92816702923619,-42.16725447144019,-18.857331912435715,316.83634597274266,1.318977059598707e-07,0.0005743960862546546,,,,,
sustained-pad-engineering.wav,engineering pad,A-U0-A0.005,a1b1d1,True,True,0.0,0.027526115998625755,0.0003427587156202208,-4.278719082211583e-07,2.1393595411057915e-07,-31.20510128565664,-69.3002298643857,-67.53931727382889,-44.22939471482441,3152.523451703411,0.0,0.0,0,0,0,0,4
sustained-pad-engineering.wav,engineering pad,A-U0-A0.015,a1b1d1,True,True,0.0,0.027526115998625755,0.0003427587156202208,-4.278719082211583e-07,2.1393595411057915e-07,-31.20510128565664,-69.3002298643857,-67.53931727382889,-44.22939471482441,3152.523451703411,0.0,0.0,0,0,0,0,4
sustained-pad-engineering.wav,engineering pad,A-U0-A0.03,a1b1d1,True,True,0.0,0.027526115998625755,0.0003427587156202208,-4.278719082211583e-07,2.1393595411057915e-07,-31.20510128565664,-69.3002298643857,-67.53931727382889,-44.22939471482441,3152.523451703411,0.0,0.0,0,0,0,0,4
sustained-pad-engineering.wav,engineering pad,A-U0.05-A0.005,a1b1d1,True,True,1.5558930049656056e-05,0.027468625456094742,0.0003428218572821518,-4.278712316802017e-07,2.1393561584010085e-07,-31.22326144702302,-69.2986299313353,-67.53771734077849,-44.22779478177401,3144.8883829663114,0.0,0.0,0,0.0049249354004859925,0.011576681565518554,1.5558930226725668e-05,4
sustained-pad-engineering.wav,engineering pad,A-U0.05-A0.015,a1b1d1,True,True,4.326366264338974e-05,0.02727237343788147,0.0003432112615474418,-4.278698841773329e-07,2.1393494208866645e-07,-31.28554129975104,-69.2887694078611,-67.52785681730428,-44.217934258299806,3154.6855903008545,0.0,0.0,0,0.014774806201457977,0.034730044696534845,4.326366286186591e-05,4
sustained-pad-engineering.wav,engineering pad,A-U0.05-A0.03,a1b1d1,True,True,8.324669864568035e-05,0.027543842792510986,0.0003434530085223828,-4.278669436536169e-07,2.1393347182680845e-07,-31.199509380958617,-69.2826535002103,-67.52174090965349,-44.21181835064901,3165.0479202766674,0.0,0.0,0,0.029549612402915953,0.049999999989336352,8.3246699035778693e-05,4
sustained-pad-engineering.wav,engineering pad,A-U0.2-A0.005,a1b1d1,True,True,1.755744953942552e-05,0.027450688183307648,0.00034279681350740427,-4.278731808829951e-07,2.1393659044149754e-07,-31.228935268017924,-69.29926447491745,-67.53835188436064,-44.22842932535616,3142.664264450902,0.0,0.0,0,0.0049524778127670293,0.046306725145467409,1.7557449503417118e-05,4
sustained-pad-engineering.wav,engineering pad,A-U0.2-A0.015,a1b1d1,True,True,4.853884553062672e-05,0.027356848120689392,0.0003432645047785133,-4.278756571222301e-07,2.1393782856111505e-07,-31.258678813485695,-69.28742204833969,-67.52650945778288,-44.2165868987784,3158.057774820762,0.0,0.0,0,0.014857433438301086,0.13892017543640223,4.8538845647906499e-05,4
sustained-pad-engineering.wav,engineering pad,A-U0.2-A0.03,a1b1d1,True,True,9.594384644451215e-05,0.02757543884217739,0.0003435735352250454,-4.2786946571303726e-07,2.1393473285651863e-07,-31.189551347315152,-69.27960592757125,-67.51869333701444,-44.20877077800996,3176.678112016668,0.0,0.0,0,0.029714866876602172,0.19999999918896005,9.5943846570236099e-05,4
sustained-pad-engineering.wav,engineering pad,A-U0.5-A0.005,a1b1d1,True,True,1.9220021789321634e-05,0.027456752955913544,0.00034280155683142895,-4.2787288892923053e-07,2.1393644446461527e-07,-31.22701647724363,-69.29914428796609,-67.53823169740927,-44.228309138404796,3142.607430959027,0.0,0.0,0,0.0049619269371032719,0.12259137149910754,1.9220021793780287e-05,4
sustained-pad-engineering.wav,engineering pad,A-U0.5-A0.015,a1b1d1,True,True,5.256273094716554e-05,0.027330666780471802,0.00034332978279966474,-4.278748916091236e-07,2.139374458045618e-07,-31.26699545575739,-69.28577042466766,-67.52485783411086,-44.214935275106384,3162.318284548049,0.0,0.0,0,0.014885780811309814,0.36777411449734343,5.2562730954060317e-05,4
sustained-pad-engineering.wav,engineering pad,A-U0.5-A0.03,a1b1d1,True,True,9.443932655855374e-05,0.027565566822886467,0.0003435985198641995,-4.278774922920645e-07,2.1393874614603224e-07,-31.19266145638726,-69.2789743133581,-67.51806172280129,-44.208139163796815,3177.5500905662116,0.0,0.0,0,0.029771561622619628,0.49999998928268452,9.4439326825230285e-05,4
sustained-pad-engineering.wav,engineering pad,B-L0.01,a1b1d1,True,True,4.789438994076354e-05,0.027316749095916748,0.0003432222939666105,-4.2787684304387056e-07,2.1393842152193528e-07,-31.27141972624621,-69.28849020712978,-67.52757761657297,-44.21765505756849,3156.201456119968,0.0,0.0,0,0.014885780811309814,0.19999999720679562,4.7894389993427911e-05,4
sustained-pad-engineering.wav,engineering pad,B-L0.03,a1b1d1,True,True,4.853884553062672e-05,0.027356848120689392,0.0003432645047785133,-4.278756571222301e-07,2.1393782856111505e-07,-31.258678813485695,-69.28742204833969,-67.52650945778288,-44.2165868987784,3158.057774820762,0.0,0.0,0,0.014857433438301086,0.13892017543640223,4.8538845647906499e-05,4
sustained-pad-engineering.wav,engineering pad,B-L0.1,a1b1d1,True,True,4.12204790659732e-05,0.02747725322842598,0.00034316887056803604,-4.278700519053917e-07,2.1393502595269586e-07,-31.220533676325687,-69.28984229255578,-67.52892970199896,-44.219007142994485,3155.766731702566,0.0,0.0,0,0.014774806201457977,0.041676053606332086,4.1220478947059769e-05,4
aliasing_response__high_frequency_sine.wav,canonical engineering diagnostic,AB,a1b1,True,True,0.0,0.007708731573075056,0.00013574428848231408,1.363581986340184e-07,1.363581986340184e-07,-42.26034153400812,-77.34556869081139,-73.366168604091,-52.355867347170744,4333.190103009082,0.0,0.0,,,,,
aliasing_response__high_frequency_sine.wav,canonical engineering diagnostic,AB-D0,a1b1d,True,True,0.006543587068771292,0.024906901642680168,0.0065448200290174185,1.3652675005229042e-07,1.3652675005229042e-07,-32.07360588538238,-43.68204582559304,-39.70828439844402,-18.697983141523768,10557.09779451851,0.013338786479575242,0.0019929661374155252,,,,,
aliasing_response__high_frequency_sine.wav,canonical engineering diagnostic,B-L0.03,a1b1d1,True,True,1.9547385462294585e-05,0.007706666365265846,0.0001358836410840348,1.363607184698189e-07,1.363607184698189e-07,-42.26266883912078,-77.33665648927565,-73.35725640255528,-52.34695514563502,4325.770712915592,0.0,0.0,0,0.014774806201457977,0.13892017543640223,1.95473854332431e-05,4
broadband_response__white_noise.wav,canonical engineering diagnostic,AB,a1b1,True,True,0.0,0.01280681136995554,0.0002542050601750034,1.7903283777467963e-07,1.7903283777467963e-07,-37.851179742050235,-71.89631617365684,-67.91691608693647,-49.91271896567069,4454.5630312395615,0.0,0.0,,,,,
broadband_response__white_noise.wav,canonical engineering diagnostic,AB-D0,a1b1d,True,True,0.01025726508960829,0.04438966140151024,0.01025966944308678,1.649170720028792e-07,1.649170720028792e-07,-27.054363354061948,-39.77733263118193,-35.8013343906474,-17.797137269381622,11062.967602963337,0.01978054527213588,0.0019978007869864045,,,,,
broadband_response__white_noise.wav,canonical engineering diagnostic,B-L0.03,a1b1d1,True,True,4.1907797639082724e-05,0.012795712798833847,0.0002546873338773277,1.7903272087355278e-07,1.7903272087355278e-07,-37.858710325308834,-71.87985305706574,-67.90045297034537,-49.896255849079594,4442.622636307937,0.0,0.0,0,0.014774806201457977,0.13892017543640223,4.190779779472618e-05,4
envelope_response__gated_sine.wav,canonical engineering diagnostic,AB,a1b1,True,True,0.0,0.024005191400647163,0.0004463795019866154,-3.7424592959935343e-07,-3.7424592959935343e-07,-32.39389653839662,-67.00591513349272,-63.02651504677235,-48.06390538536421,4388.720298837988,0.0,0.0,,,,,
envelope_response__gated_sine.wav,canonical engineering diagnostic,AB-D0,a1b1d,True,True,0.01834093916101878,0.09843432903289795,0.01834757883936602,-3.942567972041881e-07,-3.942567972041881e-07,-20.13706829366815,-34.72842474930404,-30.74902466258367,-15.786415001175527,441.9341054064059,0.0,0.0,,,,,
envelope_response__gated_sine.wav,canonical engineering diagnostic,B-L0.03,a1b1d1,True,True,0.00010422077456468648,0.024109451100230217,0.00044773887812678894,-3.742531723563094e-07,-3.742531723563094e-07,-32.35625354181199,-66.97950386516341,-63.00010377844303,-48.03749411703488,4410.145087332313,0.0,0.0,0,0.014774806201457977,0.13892017543640223,0.00010422077470527729,4
frequency_response__log_sweep.wav,canonical engineering diagnostic,AB,a1b1,True,True,0.0,0.019558526575565338,0.00033014365599153917,-2.0009062339677678e-07,-2.0009062339677678e-07,-34.17327731019537,-69.62594087342833,-67.40745337726476,-46.38741560213763,3116.676855476038,0.0,0.0,,,,,
frequency_response__log_sweep.wav,canonical engineering diagnostic,AB-D0,a1b1d,True,True,0.009460195472108008,0.04030690714716911,0.009465869563867989,-2.0000921398740532e-07,-2.0000921398740532e-07,-27.8924105020595,-40.47678968483707,-38.25836242570954,-17.238324650582413,2461.8467645363726,0.0004474039390171657,0.0010145268794323626,,,,,
frequency_response__log_sweep.wav,canonical engineering diagnostic,B-L0.03,a1b1d1,True,True,4.5684918091102916e-05,0.01943945698440075,0.00033056366734536075,-2.0008050906244652e-07,-2.0008050906244652e-07,-34.226317413680576,-69.61489763952248,-67.39641014335892,-46.37637236823179,3121.0812465977237,0.0,0.0,0,0.014774806201457977,0.13892017543640223,4.5684918149229976e-05,4
harmonic_response__stepped_sine_1khz.wav,canonical engineering diagnostic,AB,a1b1,True,True,0.0,0.07207905501127243,0.00143923372941573,1.1598355530921066e-06,1.1598355530921066e-06,-22.843818315740837,-56.837373431167286,-53.459845404280074,-37.947588988287976,2483.549936254013,0.0,0.0,,,,,
harmonic_response__stepped_sine_1khz.wav,canonical engineering diagnostic,AB-D0,a1b1d,True,True,0.007601806466131328,0.10013765096664429,0.007746991160394667,1.1679512083427122e-06,1.1679512083427122e-06,-19.988052010327916,-42.217338791583316,-38.83981076469611,-23.327554348704012,1049.8910065432137,0.0,0.0,,,,,
harmonic_response__stepped_sine_1khz.wav,canonical engineering diagnostic,B-L0.03,a1b1d1,True,True,0.00016763605156758785,0.07186342030763626,0.0014400484942158323,1.1598438260405914e-06,1.1598438260405914e-06,-22.86984233172193,-56.8324576523211,-53.45492962543389,-37.94267320944179,2484.669918606263,0.0,0.0,0,0.014774806201457977,0.13892017543640223,0.00016763604861020452,4
intermodulation_response__two_tone.wav,canonical engineering diagnostic,AB,a1b1,True,True,0.0,0.011872551403939724,0.00023599248273392778,2.4705313878971118e-08,2.4705313878971118e-08,-38.509118828013776,-72.54203661510383,-68.56263652838345,-49.31324811296588,4365.454525388248,0.0,0.0,,,,,
intermodulation_response__two_tone.wav,canonical engineering diagnostic,AB-D0,a1b1d,True,True,0.0032499129279212817,0.028388651087880135,0.003258551527660245,2.7039899158228428e-08,2.7039899158228428e-08,-30.937104857484275,-49.73950814181585,-45.76010805509547,-26.5107196396779,1327.5377343913472,0.0,0.0,,,,,
intermodulation_response__two_tone.wav,canonical engineering diagnostic,B-L0.03,a1b1d1,True,True,3.752572557421828e-05,0.011862456798553467,0.00023642277583950632,2.4704022552896923e-08,2.4704022552896923e-08,-38.516507124058464,-72.52621375844197,-68.5468136717216,-49.297425256304024,4355.655617140141,0.0,0.0,0,0.014774806201457977,0.13892017543640223,3.7525725297127944e-05,4
stereo_isolation__channel_probe.wav,canonical engineering diagnostic,AB,a1b1,True,True,0.0,0.017504515126347542,0.00022865534703874531,-2.1017373537903884e-08,1.1554738842075859e-07,-35.13699829308683,-72.81637276628969,-68.2299942760332,-48.16819354945787,4254.249975567766,0.0,0.0,,,,,
stereo_isolation__channel_probe.wav,canonical engineering diagnostic,AB-D0,a1b1d,True,True,0.008586768184061311,0.047218114137649536,0.008589285542698286,-2.7298206778075416e-08,1.1504027100641722e-07,-26.517827247292296,-41.320859186164654,-36.73448069590816,-16.672679969332833,442.22805752722394,0.0,0.0,,,,,
stereo_isolation__channel_probe.wav,canonical engineering diagnostic,B-L0.03,a1b1d1,True,True,3.39587426572324e-05,0.017489882186055183,0.00022908089289654018,-2.1017839014995638e-08,1.1554691407259718e-07,-35.14426231942413,-72.80022265581495,-68.21384416555846,-48.15204343898313,4256.176985681911,0.0,0.0,0,0.014774806201457977,0.13892017543640223,3.3958742940376472e-05,4
transient_response__pitch_decay.wav,canonical engineering diagnostic,AB,a1b1,True,True,0.0,0.016439728438854218,0.0003520647917776277,-6.040344197864352e-07,-6.040344197864352e-07,-35.6821072133904,-69.06754808713612,-65.44206775130415,-41.80634091105584,2494.003901856003,0.0,0.0,,,,,
transient_response__pitch_decay.wav,canonical engineering diagnostic,AB-D0,a1b1d,True,True,0.007402146428901891,0.09356793761253357,0.007408012908113253,-6.551231316366963e-07,-6.551231316366963e-07,-20.577458859297323,-42.605965391756044,-38.98048505592408,-15.344758215675771,112.73555013981958,0.0,0.0,,,,,
transient_response__pitch_decay.wav,canonical engineering diagnostic,B-L0.03,a1b1d1,True,True,3.1953021294873875e-05,0.016434913501143456,0.0003519326776867484,-6.040384842444717e-07,-6.040384842444717e-07,-35.68465154637175,-69.07080812279321,-65.44532778696126,-41.80960094671295,2471.930377823182,0.0,0.0,0,0.014774806201457977,0.13892017543640223,3.1953021445503004e-05,4
zero_input__silence.wav,canonical engineering diagnostic,AB,a1b1,True,True,0.0,0.0,0.0,0.0,0.0,-240.0,-240.0,-240.0,0.0,0.0,0.0,0.0,,,,,
zero_input__silence.wav,canonical engineering diagnostic,AB-D0,a1b1d,True,True,0.0,0.0,0.0,0.0,0.0,-240.0,-240.0,-240.0,0.0,0.0,0.0,0.0,,,,,
zero_input__silence.wav,canonical engineering diagnostic,B-L0.03,a1b1d1,True,True,0.0,0.0,0.0,0.0,0.0,-240.0,-240.0,-240.0,0.0,0.0,0.0,0.0,0,0.014774806201457977,0.13892017543640223,0,4
zero_state_response__impulse.wav,canonical engineering diagnostic,AB,a1b1,True,True,0.0,0.0010780837619677186,1.7269614960699903e-05,-1.5229640632813037e-08,-1.5229640632813037e-08,-59.346949904559565,-95.25434690505789,-92.82396641819494,-33.99095364048366,1629.0401429331594,0.0,0.0,,,,,
zero_state_response__impulse.wav,canonical engineering diagnostic,AB-D0,a1b1d,True,True,0.00012146953698803103,0.05011872202157974,0.00012269102663592585,-1.5229427377960108e-08,-1.5229427377960108e-08,-26.00000023242929,-78.22374398996035,-75.79336350309742,-16.960350725386142,11730.918952451237,0.0,0.0,,,,,
zero_state_response__impulse.wav,canonical engineering diagnostic,B-L0.03,a1b1d1,True,True,7.658138961718431e-07,0.0010760186705738306,1.7270871281930083e-05,-1.522963690916929e-08,-1.522963690916929e-08,-59.363603858581435,-95.25371505132638,-92.82333456446344,-33.990321786752155,1628.9719908959873,0.0,0.0,0,0.014774806201457977,0.13892017543640223,7.6581388561268541e-07,4
