rate,kernel,frequency_hz,relative_rms_error,peak_normalized_error,spectral_magnitude_relative_error,finite,core_pass
44100,lagrange-g0,1000.0,8.505807760185987e-06,1.7130625340725064e-05,6.709152234269047e-06,True,True
44100,lagrange-g0,2000.0,0.0001353026452840008,0.0002715582883125047,0.00010920218626800718,True,True
44100,lagrange-g0,4000.0,0.0021148289816744215,0.0042523201662027325,0.0014264028721767354,True,True
44100,lagrange-g0,8000.0,0.030809717250291083,0.06170532864256431,0.01768147675314575,True,False
44100,lagrange-g0,12000.0,0.13323232070960908,0.2647872834004838,0.05903029345401655,True,False
44100,lagrange-g0,16000.0,0.33683490101040103,0.6616396659717397,0.20604547659280942,True,False
44100,lagrange-g0,18000.0,0.4706281169555885,0.9169433057196986,0.38147695571793755,True,False
44100,lagrange-g0,20000.0,0.6151494189401027,1.1879224759904865,0.42921302054994226,True,False
44100,lagrange-g8,1000.0,1.7748672339450232e-13,8.314321458617037e-13,1.2770955891046113e-13,True,True
44100,lagrange-g8,2000.0,3.541095234662339e-13,1.6506934725673627e-12,2.534303063878288e-13,True,True
44100,lagrange-g8,4000.0,5.1343771498752977e-11,8.793688160959619e-11,1.4914721861326358e-11,True,True
44100,lagrange-g8,8000.0,3.747322443319649e-06,6.355093906659505e-06,1.90987683629318e-06,True,True
44100,lagrange-g8,12000.0,0.0013782805595841203,0.002339166015930563,0.0009240400690150259,True,True
44100,lagrange-g8,16000.0,0.045435341576499096,0.07713595421939698,0.03354968094938945,True,False
44100,lagrange-g8,18000.0,0.14356769973743744,0.24378304811151932,0.10029496343873186,True,False
44100,lagrange-g8,20000.0,0.3326082903131809,0.5645124578927132,0.23695343191787227,True,False
44100,hann-g8,1000.0,0.00010770243366078197,0.00022824133662129623,0.00010568497154185426,True,True
44100,hann-g8,2000.0,0.00031174928156331845,0.0006548150628635967,0.0003024797346624376,True,True
44100,hann-g8,4000.0,0.0001954883244558038,0.0004133997816650412,0.00018439370634867612,True,True
44100,hann-g8,8000.0,0.0006181467908616826,0.0012086267570948544,0.0005307867181711792,True,True
44100,hann-g8,12000.0,0.000152741890079821,0.00020349443333015014,0.00013058416881814286,True,True
44100,hann-g8,16000.0,0.005875004619165924,0.00987151417680033,0.005029163467940058,True,False
44100,hann-g8,18000.0,0.016397243703831502,0.028057165837999862,0.011593292962940352,True,False
44100,hann-g8,20000.0,0.19823955766890966,0.3376615818670043,0.1506224767816136,True,False
44100,kaiser-g8,1000.0,3.727436434450399e-05,4.8134451533428164e-05,3.02044642914304e-05,True,True
44100,kaiser-g8,2000.0,3.936221952348568e-05,5.035669174863155e-05,3.4576578582877974e-05,True,True
44100,kaiser-g8,4000.0,4.175468065362767e-05,5.2832791389464525e-05,3.256502743277702e-05,True,True
44100,kaiser-g8,8000.0,3.0271606232621312e-05,3.837746976323127e-05,2.3991318319346533e-05,True,True
44100,kaiser-g8,12000.0,2.6994669012068396e-05,3.4904200756702566e-05,2.326689120501717e-05,True,True
44100,kaiser-g8,16000.0,0.003441928037503115,0.005862160788049526,0.002941833698076921,True,True
44100,kaiser-g8,18000.0,0.05428947553395291,0.0924639020746448,0.037661190927359846,True,False
44100,kaiser-g8,20000.0,0.24159012601864716,0.4113698071472808,0.1835747815185079,True,False
44100,lagrange-g16,1000.0,1.7806451796458326e-13,8.337081030635751e-13,1.2820322775021978e-13,True,True
44100,lagrange-g16,2000.0,3.5524035152970834e-13,1.6522477848035016e-12,2.543563546734434e-13,True,True
44100,lagrange-g16,4000.0,7.114640290531312e-13,3.34590694613296e-12,4.985703628213237e-13,True,True
44100,lagrange-g16,8000.0,1.3879670663909608e-10,2.367792631812338e-10,7.138830445642906e-11,True,True
44100,lagrange-g16,12000.0,1.1100961923161569e-05,1.8872417030769477e-05,7.5756777975266165e-06,True,True
44100,lagrange-g16,16000.0,0.00746634681626683,0.012696485375527889,0.005665218681038307,True,False
44100,lagrange-g16,18000.0,0.05816358151643297,0.09890709735761004,0.041221523121850255,True,False
44100,lagrange-g16,20000.0,0.2405615967809059,0.4090057900821796,0.17607940926024632,True,False
44100,hann-g16,1000.0,3.768254821669213e-05,7.986867045842867e-05,3.698118798132914e-05,True,True
44100,hann-g16,2000.0,2.566511759060193e-05,5.426239389595981e-05,2.488953625619681e-05,True,True
44100,hann-g16,4000.0,5.021352686463314e-05,0.00010432436685659134,4.748899517061226e-05,True,True
44100,hann-g16,8000.0,3.364068457275419e-05,4.484346994697972e-05,2.5314324493363883e-05,True,True
44100,hann-g16,12000.0,0.0001275119227190532,0.0002355237938845234,0.00011337167232442273,True,True
44100,hann-g16,16000.0,0.00036150115663256875,0.0005977362165321557,0.0003084029261904577,True,True
44100,hann-g16,18000.0,0.0021513639351747526,0.003682215003379693,0.0015303066614900038,True,True
44100,hann-g16,20000.0,0.014350917660792535,0.024454203291240654,0.011074095429596548,True,False
44100,kaiser-g16,1000.0,3.8194591071690894e-05,5.9098701420187e-05,3.725512329861119e-05,True,True
44100,kaiser-g16,2000.0,2.5540023504755375e-05,3.393304103973019e-05,2.3333889668819753e-05,True,True
44100,kaiser-g16,4000.0,4.434323244421978e-05,7.045004424379022e-05,4.29697129816002e-05,True,True
44100,kaiser-g16,8000.0,1.0963419203806579e-05,1.3899544850274529e-05,7.540126664977573e-06,True,True
44100,kaiser-g16,12000.0,5.1586769243264434e-05,8.467712377358127e-05,4.7688106848974846e-05,True,True
44100,kaiser-g16,16000.0,1.4037253020447386e-05,2.2125460710936417e-05,1.2735847305764067e-05,True,True
44100,kaiser-g16,18000.0,4.16875350047529e-05,6.372209747920363e-05,3.9561788304344954e-05,True,True
44100,kaiser-g16,20000.0,0.051704802878129764,0.08804122567920936,0.03960140201529476,True,False
44100,lagrange-g32,1000.0,1.7851398923031646e-13,8.360812047801605e-13,1.2861137130151383e-13,True,True
44100,lagrange-g32,2000.0,3.5590562485161983e-13,1.6529139186189897e-12,2.5491536574922157e-13,True,True
44100,lagrange-g32,4000.0,7.128968082973318e-13,3.353595240719218e-12,4.998086528664217e-13,True,True
44100,lagrange-g32,8000.0,1.4273014783930135e-12,6.624062418594924e-12,9.86485945894405e-13,True,True
44100,lagrange-g32,12000.0,9.72398023694003e-10,1.6546757383890854e-09,6.701408387070862e-10,True,True
44100,lagrange-g32,16000.0,0.0002577800444554204,0.0004386139198334923,0.00019779316714392376,True,True
44100,lagrange-g32,18000.0,0.011607606160284003,0.019750552516452528,0.00830546984657166,True,False
44100,lagrange-g32,20000.0,0.14191925299956396,0.24149728866821404,0.10522989622405525,True,False
44100,hann-g32,1000.0,3.241562165403675e-06,6.882462701513665e-06,3.182206853575075e-06,True,True
44100,hann-g32,2000.0,5.689219047894045e-06,1.1975361827782488e-05,5.522865304897742e-06,True,True
44100,hann-g32,4000.0,1.186054125646883e-06,1.5916597546571445e-06,9.083358911975357e-07,True,True
44100,hann-g32,8000.0,1.6433667773227324e-06,2.1825185814061885e-06,1.1721187007802125e-06,True,True
44100,hann-g32,12000.0,6.355632296408978e-06,1.2718932741453049e-05,5.6110236652731375e-06,True,True
44100,hann-g32,16000.0,6.373125003424372e-05,0.00011096757511757308,5.46882240126628e-05,True,True
44100,hann-g32,18000.0,0.00025028505952156855,0.00042401792520634535,0.0001770121359634874,True,True
44100,hann-g32,20000.0,0.0021761196888572818,0.0037078174403778483,0.001684015611050575,True,True
44100,kaiser-g32,1000.0,1.4890982572995186e-05,2.422374089519521e-05,1.4517703684687289e-05,True,True
44100,kaiser-g32,2000.0,2.56561673994129e-05,4.295836968195218e-05,2.5064306456090833e-05,True,True
44100,kaiser-g32,4000.0,3.519850449332076e-06,4.553917937278544e-06,2.7321308301220425e-06,True,True
44100,kaiser-g32,8000.0,7.282683771299485e-06,9.292168227470472e-06,5.8584921216674175e-06,True,True
44100,kaiser-g32,12000.0,1.119737469659585e-05,1.4214542433566868e-05,1.0162049292020532e-05,True,True
44100,kaiser-g32,16000.0,1.37441933825336e-05,1.783529265981146e-05,1.2157976648666224e-05,True,True
44100,kaiser-g32,18000.0,3.9321087187769643e-05,7.081356370146181e-05,2.889145953862953e-05,True,True
44100,kaiser-g32,20000.0,1.5282375846021752e-05,1.9598264336501202e-05,1.4388120350650287e-05,True,True
44100,lagrange-g64,1000.0,1.7883545397834868e-13,8.372746945323614e-13,1.2891031766485156e-13,True,True
44100,lagrange-g64,2000.0,3.562244350267602e-13,1.6504159168109091e-12,2.551923057958477e-13,True,True
44100,lagrange-g64,4000.0,7.138852421137769e-13,3.363670514852112e-12,5.007437464276014e-13,True,True
44100,lagrange-g64,8000.0,1.429070088987452e-12,6.640937808591889e-12,9.877760611883533e-13,True,True
44100,lagrange-g64,12000.0,2.1216490333870878e-12,8.023748374226853e-12,1.5196301740247635e-12,True,True
44100,lagrange-g64,16000.0,4.055542974471558e-07,6.903440241057133e-07,3.127851953577145e-07,True,True
44100,lagrange-g64,18000.0,0.0005828279138352851,0.000992093568679315,0.0004179077269169069,True,True
44100,lagrange-g64,20000.0,0.057300919209127284,0.09755599980923887,0.04284060236252534,True,False
44100,hann-g64,1000.0,6.944526948457273e-07,1.4726861251701993e-06,6.816287291707289e-07,True,True
44100,hann-g64,2000.0,8.327310904904235e-08,1.1116377075201474e-07,6.663890337164093e-08,True,True
44100,hann-g64,4000.0,2.132790318438464e-07,4.2960954802828253e-07,1.9614706449139855e-07,True,True
44100,hann-g64,8000.0,9.934291748661535e-07,1.9758758692423713e-06,8.593079372067311e-07,True,True
44100,hann-g64,12000.0,2.3998887101788256e-06,4.392965437990149e-06,2.1346048884552482e-06,True,True
44100,hann-g64,16000.0,1.2207388202868113e-06,1.770106965109748e-06,1.0281340200444158e-06,True,True
44100,hann-g64,18000.0,2.3930797956004366e-05,4.0475135420833484e-05,1.6905573952484513e-05,True,True
44100,hann-g64,20000.0,0.0002702489063193889,0.00045990339387582123,0.00020921904357092377,True,True
44100,kaiser-g64,1000.0,1.3215748647103869e-05,2.2433785414265957e-05,1.3010773125796257e-05,True,True
44100,kaiser-g64,2000.0,1.3611950376293532e-06,1.783083468564035e-06,1.1882911970065218e-06,True,True
44100,kaiser-g64,4000.0,4.1622597936798855e-06,6.555863009446296e-06,3.921768903321454e-06,True,True
44100,kaiser-g64,8000.0,1.1994530388445707e-05,2.0324306193125414e-05,1.1237047654336477e-05,True,True
44100,kaiser-g64,12000.0,1.63404998216685e-05,2.8387093554376707e-05,1.5021589565438303e-05,True,True
44100,kaiser-g64,16000.0,1.1870695954074626e-05,2.1564975991254065e-05,1.06506567167768e-05,True,True
44100,kaiser-g64,18000.0,7.633986488299785e-06,1.4768657090246904e-05,6.244192407145795e-06,True,True
44100,kaiser-g64,20000.0,2.4578678956710255e-05,4.4349135933821814e-05,1.914004026877888e-05,True,True
48000,lagrange-g0,1000.0,6.092453519577347e-06,1.2204249176686065e-05,4.840075794728068e-06,True,True
48000,lagrange-g0,2000.0,9.700566551822078e-05,0.00019388717713518186,7.748129056496807e-05,True,True
48000,lagrange-g0,4000.0,0.0015224401108401037,0.003015342023066437,0.0010080656168297206,True,True
48000,lagrange-g0,8000.0,0.02253761297410373,0.04361579675611666,0.007691700604331891,True,False
48000,lagrange-g0,12000.0,0.10016508988866,0.18075828958250564,0.07063581299480146,True,False
48000,lagrange-g0,16000.0,0.26342049418078917,0.5128007724728443,0.13020508606676634,True,False
48000,lagrange-g0,18000.0,0.37716663670182266,0.715234705934884,0.30656246329992676,True,False
48000,lagrange-g0,20000.0,0.5068072445062022,0.9605376378058946,0.3308082298786701,True,False
48000,lagrange-g8,1000.0,1.8076626651897132e-13,8.290590492569984e-13,1.2772040772707958e-13,True,True
48000,lagrange-g8,2000.0,3.5994839756081954e-13,1.5852319462219376e-12,2.551277616995812e-13,True,True
48000,lagrange-g8,4000.0,1.3606619650135736e-11,2.298211628191237e-11,3.994257125561076e-12,True,True
48000,lagrange-g8,8000.0,1.0871511007863617e-06,1.7006454034526704e-06,5.201222449833711e-07,True,True
48000,lagrange-g8,12000.0,0.0004672161954152829,0.0007301924502620964,0.00026975849339935185,True,True
48000,lagrange-g8,16000.0,0.01921964374769769,0.02997831424744244,0.014004815941315998,True,False
48000,lagrange-g8,18000.0,0.06946795812921103,0.10815642396636481,0.04727588963032645,True,False
48000,lagrange-g8,20000.0,0.18652010495225788,0.2895683184170442,0.14266107542646883,True,False
48000,hann-g8,1000.0,0.00010267430610146739,0.00019541992296534476,9.842793142073408e-05,True,True
48000,hann-g8,2000.0,0.0003135500636304809,0.0005904346119101069,0.00029849546469748104,True,True
48000,hann-g8,4000.0,0.0003029038070103117,0.0005576224424699076,0.00028565563581094345,True,True
48000,hann-g8,8000.0,0.0004649592841283464,0.0008449806849605973,0.00041891022635248335,True,True
48000,hann-g8,12000.0,0.0008594698058577997,0.001027109078904804,0.0006416161964635611,True,True
48000,hann-g8,16000.0,0.0008124155405959818,0.001209091237701595,0.0007231742584080033,True,True
48000,hann-g8,18000.0,0.007982902823428336,0.011466514351044513,0.006278387462872175,True,False
48000,hann-g8,20000.0,0.037507854461862854,0.05671949529682093,0.03304830230785805,True,False
48000,kaiser-g8,1000.0,3.682235915091601e-05,4.568018541475554e-05,2.5848358296431526e-05,True,True
48000,kaiser-g8,2000.0,4.2813956428816284e-05,5.256953620997948e-05,3.424200620187552e-05,True,True
48000,kaiser-g8,4000.0,4.359500461268709e-05,5.371109001674506e-05,3.5136343665065674e-05,True,True
48000,kaiser-g8,8000.0,3.6005826563057384e-05,4.342286091522137e-05,3.237610411060456e-05,True,True
48000,kaiser-g8,12000.0,8.224871349577813e-05,9.967007247127224e-05,6.109452766268044e-05,True,True
48000,kaiser-g8,16000.0,0.0001089914076951442,0.0001483345581486597,0.00010047259887911895,True,True
48000,kaiser-g8,18000.0,0.009853854408877016,0.014288080437212091,0.0077413767322642435,True,False
48000,kaiser-g8,20000.0,0.08358039252150767,0.1261458430937015,0.06913024409745486,True,False
48000,lagrange-g16,1000.0,1.8186798580638057e-13,8.401057684268773e-13,1.2846886445729995e-13,True,True
48000,lagrange-g16,2000.0,3.6201138507673747e-13,1.6024959142604229e-12,2.564585935621165e-13,True,True
48000,lagrange-g16,4000.0,7.309757398715035e-13,2.803928972773725e-12,5.156313887477347e-13,True,True
48000,lagrange-g16,8000.0,1.20083683185092e-11,2.1535996887426015e-11,5.902307872863013e-12,True,True
48000,lagrange-g16,12000.0,1.3298442139265237e-06,2.0776579118033e-06,7.74199588653552e-07,True,True
48000,lagrange-g16,16000.0,0.001444184437862166,0.0022548074234307654,0.0010766786414817772,True,True
48000,lagrange-g16,18000.0,0.015101945942334017,0.02356176975901409,0.010622834668964555,True,False
48000,lagrange-g16,20000.0,0.08642152342106184,0.134661213401397,0.06698478971693567,True,False
48000,hann-g16,1000.0,3.8023167848003696e-05,7.237071712477525e-05,3.645116378874537e-05,True,True
48000,hann-g16,2000.0,3.771335213479173e-05,7.139106192147134e-05,3.586853415040174e-05,True,True
48000,hann-g16,4000.0,4.135904287209532e-05,7.552908175719753e-05,3.918249514004127e-05,True,True
48000,hann-g16,8000.0,4.719542400774959e-05,8.790726401537724e-05,4.2707833118789244e-05,True,True
48000,hann-g16,12000.0,0.00010809672466186952,0.00012919026471483775,8.067989346601082e-05,True,True
48000,hann-g16,16000.0,0.0002990428147170167,0.00042190950556629476,0.0002644004802015407,True,True
48000,hann-g16,18000.0,0.0009864828510197444,0.0014169555420259687,0.0007740547207441501,True,True
48000,hann-g16,20000.0,0.0006597555449244806,0.0010117267490687143,0.000595868314398196,True,True
48000,kaiser-g16,1000.0,3.833700794453823e-05,5.392742887495691e-05,3.677912467931363e-05,True,True
48000,kaiser-g16,2000.0,3.4793364528709346e-05,4.6671308554234125e-05,3.268148158963869e-05,True,True
48000,kaiser-g16,4000.0,4.2236101105209586e-05,5.938451441082361e-05,4.078062397738568e-05,True,True
48000,kaiser-g16,8000.0,2.757359044154469e-05,3.185627561536846e-05,2.4972621810842427e-05,True,True
48000,kaiser-g16,12000.0,8.487358617650675e-06,1.1420702789186673e-05,7.3171053529423484e-06,True,True
48000,kaiser-g16,16000.0,4.958290340968342e-05,6.46135309352692e-05,4.6452685903208805e-05,True,True
48000,kaiser-g16,18000.0,9.143460085668014e-05,0.00013675002133653526,7.298858907558147e-05,True,True
48000,kaiser-g16,20000.0,0.00011078188156797608,0.00017419154544586523,0.00010233662497327347,True,True
48000,lagrange-g32,1000.0,1.8301766256937614e-13,8.489320415324591e-13,1.2924715219855393e-13,True,True
48000,lagrange-g32,2000.0,3.635960093633013e-13,1.6117662765190307e-12,2.574395825767394e-13,True,True
48000,lagrange-g32,4000.0,7.341206479113008e-13,2.803842236599655e-12,5.175560152050807e-13,True,True
48000,lagrange-g32,8000.0,1.4711595370125966e-12,6.159073731315481e-12,1.0430920568483231e-12,True,True
48000,lagrange-g32,12000.0,1.4753397840039546e-11,2.8350766192464237e-11,8.668349002474025e-12,True,True
48000,lagrange-g32,16000.0,1.0622851377862723e-05,1.6586734121359667e-05,8.002377980621624e-06,True,True
48000,lagrange-g32,18000.0,0.0008985690180584011,0.001402680427168711,0.0006401305470239133,True,True
48000,lagrange-g32,20000.0,0.022208696536527035,0.03465021111675008,0.018265319372605712,True,False
48000,hann-g32,1000.0,4.707911776013336e-06,8.97238878390711e-06,4.511275620677184e-06,True,True
48000,hann-g32,2000.0,4.812254419034766e-06,9.093169486206978e-06,4.5810451432494984e-06,True,True
48000,hann-g32,4000.0,4.955659298131223e-06,9.09406687154498e-06,4.686596105915325e-06,True,True
48000,hann-g32,8000.0,6.5949641927726136e-06,1.2132224129070375e-05,5.95572535076177e-06,True,True
48000,hann-g32,12000.0,1.3545433132811137e-05,1.618878525561964e-05,1.011012580100203e-05,True,True
48000,hann-g32,16000.0,2.5172211953828487e-05,3.6004763723628395e-05,2.2297307718549962e-05,True,True
48000,hann-g32,18000.0,0.00012399519222136682,0.0001781133348653242,9.726742334790574e-05,True,True
48000,hann-g32,20000.0,0.00028100333364282126,0.0004260528700417284,0.0002537117884587815,True,True
48000,kaiser-g32,1000.0,2.102901571645941e-05,3.188031020927605e-05,2.03590545593634e-05,True,True
48000,kaiser-g32,2000.0,2.2144306470586078e-05,3.370034163128537e-05,2.1454841875095974e-05,True,True
48000,kaiser-g32,4000.0,2.0048844034284798e-05,2.919058659739892e-05,1.917360426794044e-05,True,True
48000,kaiser-g32,8000.0,2.5749356133018163e-05,4.027927061012731e-05,2.4227874335060502e-05,True,True
48000,kaiser-g32,12000.0,5.429906335165824e-06,6.462816476635368e-06,3.5962910452758517e-06,True,True
48000,kaiser-g32,16000.0,1.2953456523389651e-05,1.604465877414402e-05,1.1564356086211064e-05,True,True
48000,kaiser-g32,18000.0,3.4820769817933437e-06,6.564326346106679e-06,3.1013354401203745e-06,True,True
48000,kaiser-g32,20000.0,4.112790429349742e-05,6.333745756251139e-05,3.846096451036566e-05,True,True
48000,lagrange-g64,1000.0,1.8403610786622298e-13,8.552325572399026e-13,1.2993301275919857e-13,True,True
48000,lagrange-g64,2000.0,3.6442679020229537e-13,1.614874900988983e-12,2.5790661694570227e-13,True,True
48000,lagrange-g64,4000.0,7.367138939928351e-13,2.806426974586937e-12,5.191973536907541e-13,True,True
48000,lagrange-g64,8000.0,1.47403440384813e-12,6.164930158226702e-12,1.045127060409539e-12,True,True
48000,lagrange-g64,12000.0,2.1852625571693026e-12,9.3947627499478e-12,1.5443588677928877e-12,True,True
48000,lagrange-g64,16000.0,7.709077597090467e-10,1.2065349833930496e-09,5.839342333594052e-10,True,True
48000,lagrange-g64,18000.0,4.148789195642921e-06,6.476599969873581e-06,2.968912907409156e-06,True,True
48000,lagrange-g64,20000.0,0.0018231772046842368,0.002845557636880172,0.0015326227691381234,True,True
48000,hann-g64,1000.0,5.914725380374537e-07,1.1267418336984085e-06,5.669480845114151e-07,True,True
48000,hann-g64,2000.0,5.955640177665268e-07,1.1266253021913793e-06,5.667558817984081e-07,True,True
48000,hann-g64,4000.0,6.330510498440782e-07,1.1590858206146885e-06,5.992773379540399e-07,True,True
48000,hann-g64,8000.0,7.811405815764214e-07,1.4459869189610927e-06,7.061897737496114e-07,True,True
48000,hann-g64,12000.0,1.6943418575428614e-06,2.0249928891023292e-06,1.264651784232502e-06,True,True
48000,hann-g64,16000.0,3.924036748845191e-06,5.566412066941106e-06,3.4720937340847386e-06,True,True
48000,hann-g64,18000.0,1.5533922717766836e-05,2.2314203337529882e-05,1.2185166748536153e-05,True,True
48000,hann-g64,20000.0,2.2876850954620546e-05,3.477455579816629e-05,2.065905963901198e-05,True,True
48000,kaiser-g64,1000.0,1.1156567696192165e-05,1.7302114987858544e-05,1.0866694349852697e-05,True,True
48000,kaiser-g64,2000.0,1.0892236243848504e-05,1.672190058671839e-05,1.0545396765897638e-05,True,True
48000,kaiser-g64,4000.0,1.155941404689498e-05,1.7444439750930878e-05,1.119124159760086e-05,True,True
48000,kaiser-g64,8000.0,1.0576174500390168e-05,1.6258424723923833e-05,1.0025272590515997e-05,True,True
48000,kaiser-g64,12000.0,3.936080513634123e-06,4.650896017721862e-06,2.6932901103378683e-06,True,True
48000,kaiser-g64,16000.0,1.885197571426605e-05,2.640401975848971e-05,1.7379262229812037e-05,True,True
48000,kaiser-g64,18000.0,9.646425490792973e-06,1.2260298032570726e-05,7.1374707430723715e-06,True,True
48000,kaiser-g64,20000.0,9.593719754529565e-06,1.1533236416608471e-05,8.273758702663966e-06,True,True
96000,lagrange-g0,1000.0,3.873978959587815e-07,7.641049077118816e-07,3.740245259132443e-07,True,True
96000,lagrange-g0,2000.0,6.1903316881887134e-06,1.2204297687937567e-05,5.932289480240981e-06,True,True
96000,lagrange-g0,4000.0,9.859962734943662e-05,0.00019388740061851854,9.091751945920723e-05,True,True
96000,lagrange-g0,8000.0,0.0015490774379943893,0.003015345423715652,0.0013334065240493177,True,True
96000,lagrange-g0,12000.0,0.007606820978831689,0.014560321377009987,0.005157560638416475,True,False
96000,lagrange-g0,16000.0,0.02303531266644507,0.04361579330595962,0.017039431001194042,True,False
96000,lagrange-g0,18000.0,0.03595199358214635,0.06961747572162988,0.02651345672009808,True,False
96000,lagrange-g0,20000.0,0.05322884607340117,0.10251213385739677,0.03816401662844896,True,False
96000,lagrange-g8,1000.0,1.8621792866073723e-13,7.99083022007208e-13,1.3304552747896312e-13,True,True
96000,lagrange-g8,2000.0,3.725784013633394e-13,1.592885546200414e-12,2.656060838609302e-13,True,True
96000,lagrange-g8,4000.0,7.463341367636412e-13,3.1441932408208713e-12,5.283416356036423e-13,True,True
96000,lagrange-g8,8000.0,1.6743312263488462e-11,2.7302077348071927e-11,5.363265602474105e-12,True,True
96000,lagrange-g8,12000.0,1.3384369775403402e-08,1.7065847520957813e-08,5.899002651709402e-09,True,True
96000,lagrange-g8,16000.0,1.3344758963910814e-06,1.7006524193505744e-06,6.877398082998152e-07,True,True
96000,lagrange-g8,18000.0,8.291390480254988e-06,1.0564927402836366e-05,4.656586305546178e-06,True,True
96000,lagrange-g8,20000.0,4.0837667992314175e-05,5.202552195174603e-05,2.4607871593494173e-05,True,True
96000,hann-g8,1000.0,3.709400402538095e-05,5.224019080547261e-05,3.50506778944764e-05,True,True
96000,hann-g8,2000.0,0.00013908197383165905,0.0001954205356977985,0.00013175896262395138,True,True
96000,hann-g8,4000.0,0.0004237240780255876,0.0005904355189290743,0.0004026099875224198,True,True
96000,hann-g8,8000.0,0.0004101215324171828,0.0005576224591354441,0.0003924053757405749,True,True
96000,hann-g8,12000.0,0.00017586807194962237,0.00019551230154562864,0.00014548634820602752,True,True
96000,hann-g8,16000.0,0.0006130977326742557,0.0008449816041250597,0.0005672796390425651,True,True
96000,hann-g8,18000.0,0.0009181633550543953,0.0012261844229047804,0.000860509912042951,True,True
96000,hann-g8,20000.0,0.0005293611965327984,0.000728964010034001,0.00047733351039083716,True,True
96000,kaiser-g8,1000.0,1.8208747051254945e-05,2.597857658326175e-05,1.061384574799702e-05,True,True
96000,kaiser-g8,2000.0,3.223544594362827e-05,4.568024142410726e-05,2.0340848715624847e-05,True,True
96000,kaiser-g8,4000.0,3.738876564458241e-05,5.2569509119013235e-05,2.977954827228863e-05,True,True
96000,kaiser-g8,8000.0,3.821934556859274e-05,5.371107626751336e-05,2.825298303221091e-05,True,True
96000,kaiser-g8,12000.0,2.3214098244714747e-05,2.577372760095099e-05,1.940098128234537e-05,True,True
96000,kaiser-g8,16000.0,3.1150073274359255e-05,4.342285778961863e-05,2.858830153270627e-05,True,True
96000,kaiser-g8,18000.0,4.5074634329629556e-05,5.220844981143493e-05,3.5946835321349374e-05,True,True
96000,kaiser-g8,20000.0,5.595159849162102e-05,6.140109579970133e-05,3.6820925488402274e-05,True,True
96000,lagrange-g16,1000.0,1.86793642450393e-13,8.132661211473846e-13,1.3352370968310026e-13,True,True
96000,lagrange-g16,2000.0,3.737518120294219e-13,1.6192949764071965e-12,2.665377177699596e-13,True,True
96000,lagrange-g16,4000.0,7.485803875239964e-13,3.183633913792243e-12,5.298091436011635e-13,True,True
96000,lagrange-g16,8000.0,1.5047154744708075e-12,6.437225771876953e-12,1.0514638693613869e-12,True,True
96000,lagrange-g16,12000.0,2.224894689002049e-12,9.925477111543843e-12,1.5687654976738775e-12,True,True
96000,lagrange-g16,16000.0,1.4910173861095337e-11,2.918232323057183e-11,7.937661209413455e-12,True,True
96000,lagrange-g16,18000.0,4.912066987988172e-10,6.348702675100568e-10,2.81051718469561e-10,True,True
96000,lagrange-g16,20000.0,1.047932838705439e-08,1.337376199987081e-08,6.404879328778898e-09,True,True
96000,hann-g16,1000.0,1.7102111179973014e-05,2.408243225704724e-05,1.616070043520464e-05,True,True
96000,hann-g16,2000.0,5.150717891269603e-05,7.237088873125343e-05,4.8796933953476377e-05,True,True
96000,hann-g16,4000.0,5.111798788492185e-05,7.139107441462418e-05,4.855689542177846e-05,True,True
96000,hann-g16,8000.0,5.574311631711321e-05,7.552909070306229e-05,5.337516628774343e-05,True,True
96000,hann-g16,12000.0,2.2089828139032615e-05,2.4545930253886613e-05,1.82754668897405e-05,True,True
96000,hann-g16,16000.0,6.307976130904771e-05,8.790736367688891e-05,5.867817805487134e-05,True,True
96000,hann-g16,18000.0,5.3411858947076416e-05,6.118425432300167e-05,4.762242708422224e-05,True,True
96000,hann-g16,20000.0,9.089619220940092e-05,0.00012315092276954772,8.072452593533477e-05,True,True
96000,kaiser-g16,1000.0,1.7644571695611393e-05,1.9836689731093648e-05,1.5495654934923477e-05,True,True
96000,kaiser-g16,2000.0,4.467553346987207e-05,5.392784114938707e-05,4.3083834073616096e-05,True,True
96000,kaiser-g16,4000.0,3.977013795492967e-05,4.667133659173379e-05,3.802213777063075e-05,True,True
96000,kaiser-g16,8000.0,4.986397483354579e-05,5.938451622454351e-05,4.833030989048741e-05,True,True
96000,kaiser-g16,12000.0,1.387827983980741e-06,1.6114519398676097e-06,1.1333451299262675e-06,True,True
96000,kaiser-g16,16000.0,2.8396433961519037e-05,3.185627248802524e-05,2.6965199813819306e-05,True,True
96000,kaiser-g16,18000.0,3.465880970166637e-06,4.900864800859219e-06,3.24435572352468e-06,True,True
96000,kaiser-g16,20000.0,6.302945188277279e-05,7.827882384964735e-05,5.857241087749986e-05,True,True
96000,lagrange-g32,1000.0,1.873672643028961e-13,8.269704366081717e-13,1.340389964237544e-13,True,True
96000,lagrange-g32,2000.0,3.748152927853614e-13,1.643386816049327e-12,2.674216257158359e-13,True,True
96000,lagrange-g32,4000.0,7.501911457934098e-13,3.210778866759169e-12,5.30802321424152e-13,True,True
96000,lagrange-g32,8000.0,1.5094104390046476e-12,6.42869093234938e-12,1.0553536594614841e-12,True,True
96000,lagrange-g32,12000.0,2.238721734982857e-12,9.907963343322143e-12,1.5782598773947744e-12,True,True
96000,lagrange-g32,16000.0,3.025669397476919e-12,1.2654932659941737e-11,2.149685557967904e-12,True,True
96000,lagrange-g32,18000.0,3.323566176240092e-12,1.2731649069174912e-11,2.361335754130377e-12,True,True
96000,lagrange-g32,20000.0,3.5648157904974515e-12,1.391119165673188e-11,2.506923954576671e-12,True,True
96000,hann-g32,1000.0,6.393303161399983e-06,9.002674446742442e-06,6.041468877165338e-06,True,True
96000,hann-g32,2000.0,6.382193526631917e-06,8.97238898923085e-06,6.044699040856554e-06,True,True
96000,hann-g32,4000.0,6.515934763047505e-06,9.093192684248459e-06,6.191591952042376e-06,True,True
96000,hann-g32,8000.0,6.697801274635147e-06,9.094101288720112e-06,6.412443494890635e-06,True,True
96000,hann-g32,12000.0,2.765322438849522e-06,3.0722925405696096e-06,2.287926991655603e-06,True,True
96000,hann-g32,16000.0,8.754127787394472e-06,1.2132237748258794e-05,8.120508510957353e-06,True,True
96000,hann-g32,18000.0,6.689086073865779e-06,7.663407567916285e-06,5.964171783742096e-06,True,True
96000,hann-g32,20000.0,9.832952557497137e-06,1.3425392560526167e-05,8.791410821486257e-06,True,True
96000,kaiser-g32,1000.0,2.606296529964046e-05,3.29028229901032e-05,2.5263736123485185e-05,True,True
96000,kaiser-g32,2000.0,2.5362906508887187e-05,3.188040385144167e-05,2.4565136796266795e-05,True,True
96000,kaiser-g32,4000.0,2.6839397437471763e-05,3.3700366365736e-05,2.606345021756311e-05,True,True
96000,kaiser-g32,8000.0,2.4041476985530164e-05,2.9190591679472063e-05,2.3287129602251578e-05,True,True
96000,kaiser-g32,12000.0,2.1397608094711035e-06,2.8444045429897885e-06,1.6310184933359184e-06,True,True
96000,kaiser-g32,16000.0,3.14969248594851e-05,4.02792963441543e-05,3.0087785522316866e-05,True,True
96000,kaiser-g32,18000.0,3.6409723556470948e-06,4.556453467883552e-06,3.0335450803587975e-06,True,True
96000,kaiser-g32,20000.0,2.0509728353315658e-05,2.4724184200934778e-05,1.9860412586656625e-05,True,True
96000,lagrange-g64,1000.0,1.8790339875738903e-13,8.392384010307902e-13,1.345375364323325e-13,True,True
96000,lagrange-g64,2000.0,3.756633505165404e-13,1.6634263416502697e-12,2.6816235797657624e-13,True,True
96000,lagrange-g64,4000.0,7.511752749270538e-13,3.223657453851862e-12,5.314033781595868e-13,True,True
96000,lagrange-g64,8000.0,1.5132641358726297e-12,6.4232230839365935e-12,1.0587470563165238e-12,True,True
96000,lagrange-g64,12000.0,2.2505455467265763e-12,9.885814393970456e-12,1.5864911841448576e-12,True,True
96000,lagrange-g64,16000.0,3.0328959435566142e-12,1.2694317821748409e-11,2.1550253072171307e-12,True,True
96000,lagrange-g64,18000.0,3.3324073201996197e-12,1.2753298418156518e-11,2.367612676721734e-12,True,True
96000,lagrange-g64,20000.0,3.5829148461411517e-12,1.3915084376215796e-11,2.5195491462504335e-12,True,True
96000,hann-g64,1000.0,7.974177013464066e-07,1.1230306393074011e-06,7.535175396648416e-07,True,True
96000,hann-g64,2000.0,8.016161031451055e-07,1.1267423268036398e-06,7.593719619054799e-07,True,True
96000,hann-g64,4000.0,8.069272455588553e-07,1.1266277019692538e-06,7.666698494603732e-07,True,True
96000,hann-g64,8000.0,8.544940312389852e-07,1.159086973236904e-06,8.181855298977105e-07,True,True
96000,hann-g64,12000.0,3.4579949896948735e-07,3.8417194188371925e-07,2.8610580088517243e-07,True,True
96000,hann-g64,16000.0,1.0404536205773297e-06,1.4459897573400683e-06,9.664682171287746e-07,True,True
96000,hann-g64,18000.0,8.365578684000887e-07,9.58442779426728e-07,7.459035402223185e-07,True,True
96000,hann-g64,20000.0,1.3259163855431397e-06,1.8031044963731478e-06,1.1812507449391917e-06,True,True
96000,kaiser-g64,1000.0,1.3411483381821926e-05,1.7067998039732274e-05,1.3012874381377797e-05,True,True
96000,kaiser-g64,2000.0,1.3603436534008745e-05,1.730212390751742e-05,1.3218089964394737e-05,True,True
96000,kaiser-g64,4000.0,1.3256703558054379e-05,1.6721916104283773e-05,1.2868696300253458e-05,True,True
96000,kaiser-g64,8000.0,1.413072268721506e-05,1.7444442407629487e-05,1.3748837062768917e-05,True,True
96000,kaiser-g64,12000.0,1.3210076732252529e-06,1.7089755550136578e-06,1.0221412295698315e-06,True,True
96000,kaiser-g64,16000.0,1.2828810320327487e-05,1.6258436287063788e-05,1.2388250731804958e-05,True,True
96000,kaiser-g64,18000.0,2.424608591873008e-06,2.897372228383811e-06,2.0567906191409576e-06,True,True
96000,kaiser-g64,20000.0,1.6292745806404697e-05,2.0804242323319945e-05,1.533312496592383e-05,True,True
