rate,delay_ms,mechanism,physical_range,magnitude_min_db,magnitude_max_db,ripple_db,valid_group_min_ms,valid_group_max_ms,reference_convergence
44100,0.0033692722371967652,M0,True,0.0,0.0,0.0,-0.0,-0.0,1.7478996167744913e-07
44100,0.0033692722371967652,M1,True,-1.9286549331065743e-15,1.928654933106574e-15,3.857309866213148e-15,0.003369272237196764,0.0033692722371967665,1.7478996167744913e-07
44100,0.0033692722371967652,M2,True,-10.087963354339376,0.12779862493850302,10.215761979277879,-0.011906526922229658,0.012536723793455981,1.7478996167744913e-07
44100,0.0033692722371967652,M3,True,5.82449562480962,6.020599913279624,0.19610428847000438,0.0016846361185983822,0.0016846361185983828,1.7478996167744913e-07
44100,0.0033692722371967652,M4,True,1.7440371032210342,6.041527360964825,4.297490257743791,-0.012185001662928801,0.004853254206293867,1.7478996167744913e-07
44100,0.0033692722371967652,D0-frozen-mechanism,True,-300.0,-27.53005548019347,272.4699445198065,0.0016846361119493684,0.0016846361465157988,1.7478996167744913e-07
44100,0.010107816711590296,M0,True,0.0,0.0,0.0,-0.0,-0.0,3.8278357636671115e-07
44100,0.010107816711590296,M1,True,-1.9286549331065743e-15,1.928654933106574e-15,3.857309866213148e-15,0.010107816711590294,0.0101078167115903,3.8278357636671115e-07
44100,0.010107816711590296,M2,True,-0.7349488382914808,0.5950924416497021,1.330041279941183,0.010107816711590294,0.04117512585430651,3.8278357636671115e-07
44100,0.010107816711590296,M3,True,4.1366967804629855,6.020599913279624,1.8839031328166387,0.005053908355795147,0.00505390835579515,3.8278357636671115e-07
44100,0.010107816711590296,M4,True,-5.6105126077902305,6.020599913279624,11.631112521069856,0.0030126217363589383,0.014097988143279429,3.8278357636671115e-07
44100,0.010107816711590296,D0-frozen-mechanism,True,-300.0,-18.51461196724637,281.48538803275363,0.005053908341078709,0.005053908357104695,3.8278357636671115e-07
44100,0.02021563342318059,M0,True,0.0,0.0,0.0,-0.0,-0.0,1.2983247938010515e-07
44100,0.02021563342318059,M1,True,-1.9286549331065743e-15,1.928654933106574e-15,3.857309866213148e-15,0.020215633423180585,0.0202156334231806,1.2983247938010515e-07
44100,0.02021563342318059,M2,True,1.928654933106574e-15,0.9463069585826942,0.9463069585826923,0.02021563342318059,0.026121598053096162,1.2983247938010515e-07
44100,0.02021563342318059,M3,True,-4.550529357632523,6.020599913279624,10.571129270912147,0.01010781671159029,0.010107816711590301,1.2983247938010515e-07
44100,0.02021563342318059,M4,True,-8.552341133330728,6.020599913279624,14.572941046610353,0.0101078167115903,0.03741444742431841,1.2983247938010515e-07
44100,0.02021563342318059,D0-frozen-mechanism,True,-300.0,-14.377915186783385,285.6220848132166,0.010107816707486983,0.01010781671420939,1.2983247938010515e-07
44100,0.03369272237196766,M0,True,0.0,0.0,0.0,-0.0,-0.0,3.880282715434226e-07
44100,0.03369272237196766,M1,True,-1.9286549331065743e-15,1.928654933106574e-15,3.857309866213148e-15,0.033692722371967646,0.033692722371967666,3.880282715434226e-07
44100,0.03369272237196766,M2,True,-13.186579571272485,0.0,13.186579571272485,0.02253177835589095,0.03369272237196766,3.880282715434226e-07
44100,0.03369272237196766,M3,True,-300.0,6.020599913279624,306.0205999132796,0.016846361182716423,0.01684636118633693,3.880282715434226e-07
44100,0.03369272237196766,M4,True,-10.35675462438562,6.020599913279624,16.377354537665244,-0.08549154107225766,0.01684636118598383,3.880282715434226e-07
44100,0.03369272237196766,D0-frozen-mechanism,True,-300.0,-13.979400086720375,286.0205999132796,0.016846361182706767,0.016846361186337023,3.880282715434226e-07
44100,0.05,M0,False,0.0,0.0,0.0,-0.0,-0.0,2.3322478480256537e-07
44100,0.05,M1,False,-1.9286549331065743e-15,1.928654933106574e-15,3.857309866213148e-15,0.04999999999999998,0.050000000000000024,2.3322478480256537e-07
44100,0.05,M2,False,-3.430413154126948,0.0,3.430413154126948,0.03531521587834614,0.05,2.3322478480256537e-07
44100,0.05,M3,False,-300.0,6.020599913279624,306.0205999132796,0.02499999999979481,0.025000000001235586,2.3322478480256537e-07
44100,0.05,M4,False,-26.20933364968601,6.020599913279624,32.229933562965634,-0.9474636012609844,0.025,2.3322478480256537e-07
44100,0.05,D0-frozen-mechanism,False,-300.0,-13.979400086720375,286.0205999132796,0.024999999999794027,0.025000000001230902,2.3322478480256537e-07
44100,0.1,M0,False,0.0,0.0,0.0,-0.0,-0.0,3.7304133955730744e-07
44100,0.1,M1,False,-1.9286549331065743e-15,1.928654933106574e-15,3.857309866213148e-15,0.09999999999999996,0.10000000000000005,3.7304133955730744e-07
44100,0.1,M2,False,-10.530724978871746,0.0,10.530724978871746,0.06300359240217669,0.10000000000000002,3.7304133955730744e-07
44100,0.1,M3,False,-300.0,6.020599913279624,306.0205999132796,0.04999999999954867,0.050000000000481784,3.7304133955730744e-07
44100,0.1,M4,False,-45.070280635602614,6.020599913279624,51.09088054888224,-17.80221423511126,0.05,3.7304133955730744e-07
44100,0.1,D0-frozen-mechanism,False,-300.0,-13.979400086720375,286.0205999132796,0.049999999999556476,0.05000000000049056,3.7304133955730744e-07
44100,0.25,M0,False,0.0,0.0,0.0,-0.0,-0.0,3.049393274683254e-08
44100,0.25,M1,False,-1.9286549331065743e-15,1.928654933106574e-15,3.857309866213148e-15,0.24999999999999994,0.2500000000000001,3.049393274683254e-08
44100,0.25,M2,False,-0.29207221953905765,1.928654933106574e-15,0.2920722195390596,0.2485245333334756,0.25,3.049393274683254e-08
44100,0.25,M3,False,-300.0,6.020599913279624,306.0205999132796,0.1249999999991108,0.12500000000086378,3.049393274683254e-08
44100,0.25,M4,False,-97.41871471574365,6.020599913279624,103.43931462902327,-18463.797253573113,0.125,3.049393274683254e-08
44100,0.25,D0-frozen-mechanism,False,-300.0,-13.979400086720375,286.0205999132796,0.12499999999910301,0.12500000000088146,3.049393274683254e-08
44100,0.5,M0,False,0.0,0.0,0.0,-0.0,-0.0,6.082056040104906e-08
44100,0.5,M1,False,-1.9286549331065743e-15,1.928654933106574e-15,3.857309866213148e-15,0.4999999999999999,0.5000000000000002,6.082056040104906e-08
44100,0.5,M2,False,-0.614518456171914,-9.643274665532871e-16,0.614518456171913,0.4969885309579445,0.5000000000000001,6.082056040104906e-08
44100,0.5,M3,False,-300.0,6.020599913279624,306.0205999132796,0.24999999999955647,0.25000000000044476,6.082056040104906e-08
44100,0.5,M4,False,-115.56174190617162,6.020599913279624,121.58234181945124,-299560.7956395695,0.25,6.082056040104906e-08
44100,0.5,D0-frozen-mechanism,False,-300.0,-13.979400086720375,286.0205999132796,0.24999999999955266,0.25000000000044464,6.082056040104906e-08
44100,1.0,M0,False,0.0,0.0,0.0,-0.0,-0.0,1.202273665753141e-07
44100,1.0,M1,False,-1.9286549331065743e-15,1.928654933106574e-15,3.857309866213148e-15,0.9999999999999998,1.0000000000000004,1.202273665753141e-07
44100,1.0,M2,False,-1.357945377106922,1.928654933106574e-15,1.357945377106924,0.9936908940612296,1.0,1.202273665753141e-07
44100,1.0,M3,False,-300.0,6.020599913279624,306.0205999132796,0.4999999999998506,0.5000000000001444,1.202273665753141e-07
44100,1.0,M4,False,-133.90331362815886,6.020599913279624,139.92391354143848,-4955103.684176329,0.5000000000000001,1.202273665753141e-07
44100,1.0,D0-frozen-mechanism,False,-300.0,-13.979400086720375,286.0205999132796,0.4999999999997773,0.5000000000002228,1.202273665753141e-07
44100,2.0,M0,False,0.0,0.0,0.0,-0.0,-0.0,2.2908430527046067e-07
44100,2.0,M1,False,-1.9286549331065743e-15,1.928654933106574e-15,3.857309866213148e-15,1.9999999999999996,2.000000000000001,2.2908430527046067e-07
44100,2.0,M2,False,-3.3131714440696203,0.0,3.3131714440696203,1.9857740544118727,2.0000000000000004,2.2908430527046067e-07
44100,2.0,M3,False,-300.0,6.020599913279624,306.0205999132796,0.9999999999998901,1.0000000000001108,2.2908430527046067e-07
44100,2.0,M4,False,-152.69917869887894,6.020599913279624,158.71977861215856,-86292500.13266818,1.0000000000000002,2.2908430527046067e-07
44100,2.0,D0-frozen-mechanism,False,-300.0,-13.979400086720375,286.0205999132796,0.9999999999998919,1.0000000000001108,2.2908430527046067e-07
44100,5.0,M0,False,0.0,0.0,0.0,-0.0,-0.0,3.9173130125150143e-07
44100,5.0,M1,False,-1.9286549331065743e-15,1.928654933106574e-15,3.857309866213148e-15,4.999999999999998,5.000000000000001,3.9173130125150143e-07
44100,5.0,M2,False,-13.281295691890541,0.0,13.281295691890541,4.999999999999997,5.0000000000000036,3.9173130125150143e-07
44100,5.0,M3,False,-300.0,6.020599913279624,306.0205999132796,2.499999999999957,2.5000000000000453,3.9173130125150143e-07
44100,5.0,M4,False,-180.30261847298704,6.020599913279624,186.32321838626666,-63925579.075651616,2.5,3.9173130125150143e-07
44100,5.0,D0-frozen-mechanism,False,-300.0,-13.979400086720375,286.0205999132796,2.4999999999999556,2.500000000000043,3.9173130125150143e-07
48000,0.0033692722371967652,M0,True,0.0,0.0,0.0,-0.0,-0.0,9.297059134677217e-08
48000,0.0033692722371967652,M1,True,-1.9286549331065743e-15,1.928654933106574e-15,3.857309866213148e-15,0.003369272237196764,0.003369272237196766,9.297059134677217e-08
48000,0.0033692722371967652,M2,True,-6.070571363416439,0.1414121939214494,6.211983557337889,0.0033692722371967652,0.013223093157265865,9.297059134677217e-08
48000,0.0033692722371967652,M3,True,5.82449562480962,6.020599913279624,0.19610428847000438,0.0016846361185983822,0.0016846361185983828,9.297059134677217e-08
48000,0.0033692722371967652,M4,True,2.5088298275446794,6.040167362943273,3.5313375353985936,-0.004987818696210554,0.0048366649981036545,9.297059134677217e-08
48000,0.0033692722371967652,D0-frozen-mechanism,True,-300.0,-27.53005548019347,272.4699445198065,0.0016846361119493673,0.0016846361465157988,9.297059134677217e-08
48000,0.010107816711590296,M0,True,0.0,0.0,0.0,-0.0,-0.0,1.9088548216152543e-07
48000,0.010107816711590296,M1,True,-1.9286549331065743e-15,1.928654933106574e-15,3.857309866213148e-15,0.010107816711590292,0.0101078167115903,1.9088548216152543e-07
48000,0.010107816711590296,M2,True,-1.9286549331065743e-15,0.6960775370642804,0.6960775370642823,0.010107816711590297,0.0333876605475102,1.9088548216152543e-07
48000,0.010107816711590296,M3,True,4.1366967804629855,6.020599913279624,1.8839031328166387,0.005053908355795147,0.00505390835579515,1.9088548216152543e-07
48000,0.010107816711590296,M4,True,-1.1240979420332906,6.020599913279623,7.144697855312914,0.005053908355795149,0.01464572683639488,1.9088548216152543e-07
48000,0.010107816711590296,D0-frozen-mechanism,True,-300.0,-18.51461196724637,281.48538803275363,0.005053908341078708,0.005053908357104696,1.9088548216152543e-07
48000,0.02021563342318059,M0,True,0.0,0.0,0.0,-0.0,-0.0,1.7781266176941084e-08
48000,0.02021563342318059,M1,True,-1.9286549331065743e-15,1.928654933106574e-15,3.857309866213148e-15,0.020215633423180585,0.0202156334231806,1.7781266176941084e-08
48000,0.02021563342318059,M2,True,-1.9286549331065743e-15,0.28219845459858456,0.2821984545985865,0.020215633423180595,0.021631437385979797,1.7781266176941084e-08
48000,0.02021563342318059,M3,True,-4.550529357632523,6.020599913279624,10.571129270912147,0.01010781671159029,0.010107816711590301,1.7781266176941084e-08
48000,0.02021563342318059,M4,True,-5.194031938867825,6.020599913279624,11.214631852147448,0.010107816711590296,0.013828379483104222,1.7781266176941084e-08
48000,0.02021563342318059,D0-frozen-mechanism,True,-300.0,-14.377915186783385,285.6220848132166,0.010107816707486983,0.010107816714209392,1.7781266176941084e-08
48000,0.03369272237196766,M0,True,0.0,0.0,0.0,-0.0,-0.0,1.7827139903843675e-07
48000,0.03369272237196766,M1,True,-1.9286549331065743e-15,1.928654933106574e-15,3.857309866213148e-15,0.03369272237196765,0.03369272237196767,1.7827139903843675e-07
48000,0.03369272237196766,M2,True,-6.849456748938691,0.0,6.849456748938691,0.03369272237196766,0.05032705060268994,1.7827139903843675e-07
48000,0.03369272237196766,M3,True,-300.0,6.020599913279624,306.0205999132796,0.016846361182716423,0.016846361186336926,1.7827139903843675e-07
48000,0.03369272237196766,M4,True,-13.677486935257042,6.020599913279624,19.698086848536665,-0.14430200316180905,0.01684636118598383,1.7827139903843675e-07
48000,0.03369272237196766,D0-frozen-mechanism,True,-300.0,-13.979400086720375,286.0205999132796,0.01684636118270677,0.016846361186337016,1.7827139903843675e-07
48000,0.05,M0,False,0.0,0.0,0.0,-0.0,-0.0,1.8174095776489102e-07
48000,0.05,M1,False,-1.9286549331065743e-15,1.928654933106574e-15,3.857309866213148e-15,0.04999999999999998,0.05000000000000002,1.8174095776489102e-07
48000,0.05,M2,False,-7.218927353862496,0.0,7.218927353862496,0.034249976003790164,0.05000000000000001,1.8174095776489102e-07
48000,0.05,M3,False,-300.0,6.020599913279624,306.0205999132796,0.02499999999979481,0.02500000000123559,1.8174095776489102e-07
48000,0.05,M4,False,-24.890314785903023,6.020599913279624,30.910914699182648,-0.8220796404761324,0.025000000000000005,1.8174095776489102e-07
48000,0.05,D0-frozen-mechanism,False,-300.0,-13.979400086720375,286.0205999132796,0.02499999999979403,0.025000000001230902,1.8174095776489102e-07
48000,0.1,M0,False,0.0,0.0,0.0,-0.0,-0.0,1.1232414035921182e-07
48000,0.1,M1,False,-1.9286549331065743e-15,1.928654933106574e-15,3.857309866213148e-15,0.09999999999999996,0.10000000000000003,1.1232414035921182e-07
48000,0.1,M2,False,-2.8481147490190057,0.0,2.8481147490190057,0.09999999999999999,0.11062215756695468,1.1232414035921182e-07
48000,0.1,M3,False,-300.0,6.020599913279624,306.0205999132796,0.049999999999548676,0.050000000000481784,1.1232414035921182e-07
48000,0.1,M4,False,-51.87477101726327,6.020599913279624,57.895370930542896,-38.66514609007993,0.05003211480466242,1.1232414035921182e-07
48000,0.1,D0-frozen-mechanism,False,-300.0,-13.979400086720375,286.0205999132796,0.049999999999556476,0.05000000000049057,1.1232414035921182e-07
48000,0.25,M0,False,0.0,0.0,0.0,-0.0,-0.0,2.49412445802383e-16
48000,0.25,M1,False,-1.9286549331065743e-15,1.928654933106574e-15,3.857309866213148e-15,0.24999999999999994,0.25000000000000006,2.49412445802383e-16
48000,0.25,M2,False,-1.9286549331065743e-15,1.928654933106574e-15,3.857309866213148e-15,0.24999999999999994,0.25000000000000006,2.49412445802383e-16
48000,0.25,M3,False,-300.0,6.020599913279624,306.0205999132796,0.1249999999991108,0.12500000000086384,2.49412445802383e-16
48000,0.25,M4,False,-300.0,6.020599913279624,306.0205999132796,0.1249999999991108,0.1250000000008014,2.49412445802383e-16
48000,0.25,D0-frozen-mechanism,False,-300.0,-13.979400086720375,286.0205999132796,0.12499999999910298,0.1250000000008814,2.49412445802383e-16
48000,0.5,M0,False,0.0,0.0,0.0,-0.0,-0.0,2.493545128676331e-16
48000,0.5,M1,False,-1.9286549331065743e-15,1.928654933106574e-15,3.857309866213148e-15,0.4999999999999999,0.5000000000000001,2.493545128676331e-16
48000,0.5,M2,False,-1.9286549331065743e-15,1.928654933106574e-15,3.857309866213148e-15,0.4999999999999999,0.5000000000000001,2.493545128676331e-16
48000,0.5,M3,False,-300.0,6.020599913279624,306.0205999132796,0.24999999999955652,0.25000000000044476,2.493545128676331e-16
48000,0.5,M4,False,-300.0,6.020599913279624,306.0205999132796,0.24999999999957603,0.2500000000004135,2.493545128676331e-16
48000,0.5,D0-frozen-mechanism,False,-300.0,-13.979400086720375,286.0205999132796,0.2499999999995526,0.25000000000044464,2.493545128676331e-16
48000,1.0,M0,False,0.0,0.0,0.0,-0.0,-0.0,2.491035873286588e-16
48000,1.0,M1,False,-1.9286549331065743e-15,1.928654933106574e-15,3.857309866213148e-15,0.9999999999999996,1.0000000000000002,2.491035873286588e-16
48000,1.0,M2,False,-1.9286549331065743e-15,1.928654933106574e-15,3.857309866213148e-15,0.9999999999999996,1.0000000000000002,2.491035873286588e-16
48000,1.0,M3,False,-300.0,6.020599913279624,306.0205999132796,0.4999999999998505,0.5000000000001446,2.491035873286588e-16
48000,1.0,M4,False,-300.0,6.020599913279624,306.0205999132796,0.4999999999998373,0.5000000000001755,2.491035873286588e-16
48000,1.0,D0-frozen-mechanism,False,-300.0,-13.979400086720375,286.0205999132796,0.4999999999997773,0.5000000000002227,2.491035873286588e-16
48000,2.0,M0,False,0.0,0.0,0.0,-0.0,-0.0,2.480655501110136e-16
48000,2.0,M1,False,-1.9286549331065743e-15,1.928654933106574e-15,3.857309866213148e-15,1.9999999999999996,2.0000000000000004,2.480655501110136e-16
48000,2.0,M2,False,-1.9286549331065743e-15,1.928654933106574e-15,3.857309866213148e-15,1.9999999999999996,2.0000000000000004,2.480655501110136e-16
48000,2.0,M3,False,-300.0,6.020599913279624,306.0205999132796,0.9999999999998899,1.0000000000001108,2.480655501110136e-16
48000,2.0,M4,False,-300.0,6.020599913279624,306.0205999132796,0.9999999999998881,1.0000000000001117,2.480655501110136e-16
48000,2.0,D0-frozen-mechanism,False,-300.0,-13.979400086720375,286.0205999132796,0.9999999999998916,1.0000000000001108,2.480655501110136e-16
48000,5.0,M0,False,0.0,0.0,0.0,-0.0,-0.0,2.481376170128157e-16
48000,5.0,M1,False,-1.9286549331065743e-15,1.928654933106574e-15,3.857309866213148e-15,4.999999999999999,5.000000000000001,2.481376170128157e-16
48000,5.0,M2,False,-1.9286549331065743e-15,1.928654933106574e-15,3.857309866213148e-15,4.999999999999998,5.000000000000001,2.481376170128157e-16
48000,5.0,M3,False,-300.0,6.020599913279624,306.0205999132796,2.4999999999999565,2.5000000000000453,2.481376170128157e-16
48000,5.0,M4,False,-300.0,6.020599913279624,306.0205999132796,2.4999999999999565,2.5000000000000453,2.481376170128157e-16
48000,5.0,D0-frozen-mechanism,False,-300.0,-13.979400086720375,286.0205999132796,2.499999999999956,2.500000000000043,2.481376170128157e-16
96000,0.0033692722371967652,M0,True,0.0,0.0,0.0,-0.0,-0.0,2.80626843679486e-07
96000,0.0033692722371967652,M1,True,-1.9286549331065743e-15,1.928654933106574e-15,3.857309866213148e-15,0.003369272237196764,0.003369272237196766,2.80626843679486e-07
96000,0.0033692722371967652,M2,True,-1.9286549331065743e-15,0.33035474613519256,0.3303547461351945,0.0033692722371967652,0.0063093022570149876,2.80626843679486e-07
96000,0.0033692722371967652,M3,True,5.82449562480962,6.020599913279624,0.19610428847000438,0.0016846361185983822,0.0016846361185983828,2.80626843679486e-07
96000,0.0033692722371967652,M4,True,5.896633409599314,6.020599913279624,0.12396650368031015,0.0016846361185983826,0.003266189439152802,2.80626843679486e-07
96000,0.0033692722371967652,D0-frozen-mechanism,True,-300.0,-27.53005548019347,272.4699445198065,0.0016846361119493673,0.0016846361465157988,2.80626843679486e-07
96000,0.010107816711590296,M0,True,0.0,0.0,0.0,-0.0,-0.0,3.0747302729499285e-08
96000,0.010107816711590296,M1,True,-1.9286549331065743e-15,1.928654933106574e-15,3.857309866213148e-15,0.010107816711590292,0.0101078167115903,3.0747302729499285e-08
96000,0.010107816711590296,M2,True,-1.9286549331065743e-15,0.04684077976336364,0.04684077976336557,0.010107816711590297,0.010227094729430064,3.0747302729499285e-08
96000,0.010107816711590296,M3,True,4.1366967804629855,6.020599913279624,1.8839031328166387,0.005053908355795147,0.00505390835579515,3.0747302729499285e-08
96000,0.010107816711590296,M4,True,4.149627565440495,6.020599913279624,1.8709723478391291,0.005053908355795148,0.005188307239462701,3.0747302729499285e-08
96000,0.010107816711590296,D0-frozen-mechanism,True,-300.0,-18.51461196724637,281.48538803275363,0.005053908341078708,0.005053908357104696,3.0747302729499285e-08
96000,0.02021563342318059,M0,True,0.0,0.0,0.0,-0.0,-0.0,6.118706925749651e-08
96000,0.02021563342318059,M1,True,-1.9286549331065743e-15,1.928654933106574e-15,3.857309866213148e-15,0.020215633423180585,0.0202156334231806,6.118706925749651e-08
96000,0.02021563342318059,M2,True,-0.09473839532582733,0.0,0.09473839532582733,0.02021563342318059,0.020415401306376056,6.118706925749651e-08
96000,0.02021563342318059,M3,True,-4.550529357632523,6.020599913279624,10.571129270912147,0.01010781671159029,0.010107816711590301,6.118706925749651e-08
96000,0.02021563342318059,M4,True,-4.672366570013166,6.020599913279624,10.692966483292789,0.009067889388175935,0.010107816711590296,6.118706925749651e-08
96000,0.02021563342318059,D0-frozen-mechanism,True,-300.0,-14.377915186783385,285.6220848132166,0.010107816707486983,0.010107816714209392,6.118706925749651e-08
96000,0.03369272237196766,M0,True,0.0,0.0,0.0,-0.0,-0.0,2.2177789550633806e-07
96000,0.03369272237196766,M1,True,-1.9286549331065743e-15,1.928654933106574e-15,3.857309866213148e-15,0.03369272237196765,0.03369272237196767,2.2177789550633806e-07
96000,0.03369272237196766,M2,True,-0.352681932749859,0.0,0.352681932749859,0.033243861972411665,0.03369272237196766,2.2177789550633806e-07
96000,0.03369272237196766,M3,True,-300.0,6.020599913279624,306.0205999132796,0.016846361182716423,0.016846361186336926,2.2177789550633806e-07
96000,0.03369272237196766,M4,True,-37.617561656524444,6.020599913279624,43.63816156980407,-2.5167565197552677,0.01684636118598383,2.2177789550633806e-07
96000,0.03369272237196766,D0-frozen-mechanism,True,-300.0,-13.979400086720375,286.0205999132796,0.01684636118270677,0.016846361186337016,2.2177789550633806e-07
96000,0.05,M0,False,0.0,0.0,0.0,-0.0,-0.0,1.9404107055898605e-07
96000,0.05,M1,False,-1.9286549331065743e-15,1.928654933106574e-15,3.857309866213148e-15,0.04999999999999998,0.05000000000000002,1.9404107055898605e-07
96000,0.05,M2,False,-0.3071845031625576,0.0,0.3071845031625576,0.049999999999999996,0.0504413024421282,1.9404107055898605e-07
96000,0.05,M3,False,-300.0,6.020599913279624,306.0205999132796,0.02499999999979481,0.02500000000123559,1.9404107055898605e-07
96000,0.05,M4,False,-51.88904036936328,6.020599913279624,57.909640282642904,-19.39631575040724,0.025016057457645426,1.9404107055898605e-07
96000,0.05,D0-frozen-mechanism,False,-300.0,-13.979400086720375,286.0205999132796,0.02499999999979403,0.025000000001230902,1.9404107055898605e-07
96000,0.1,M0,False,0.0,0.0,0.0,-0.0,-0.0,3.139397050921912e-07
96000,0.1,M1,False,-1.9286549331065743e-15,1.928654933106574e-15,3.857309866213148e-15,0.09999999999999996,0.10000000000000003,3.139397050921912e-07
96000,0.1,M2,False,-0.5066741925973856,0.0,0.5066741925973856,0.09999999999999999,0.10024413463561037,3.139397050921912e-07
96000,0.1,M3,False,-300.0,6.020599913279624,306.0205999132796,0.049999999999548676,0.050000000000481784,3.139397050921912e-07
96000,0.1,M4,False,-71.88239724061617,6.020599913279624,77.9029971538958,-392.5197340230161,0.05000000000000001,3.139397050921912e-07
96000,0.1,D0-frozen-mechanism,False,-300.0,-13.979400086720375,286.0205999132796,0.049999999999556476,0.05000000000049057,3.139397050921912e-07
96000,0.25,M0,False,0.0,0.0,0.0,-0.0,-0.0,2.6694275892365673e-16
96000,0.25,M1,False,-1.9286549331065743e-15,1.928654933106574e-15,3.857309866213148e-15,0.24999999999999994,0.25000000000000006,2.6694275892365673e-16
96000,0.25,M2,False,-1.9286549331065743e-15,1.928654933106574e-15,3.857309866213148e-15,0.24999999999999994,0.25000000000000006,2.6694275892365673e-16
96000,0.25,M3,False,-300.0,6.020599913279624,306.0205999132796,0.1249999999991108,0.12500000000086384,2.6694275892365673e-16
96000,0.25,M4,False,-300.0,6.020599913279624,306.0205999132796,0.1249999999991108,0.1250000000008014,2.6694275892365673e-16
96000,0.25,D0-frozen-mechanism,False,-300.0,-13.979400086720375,286.0205999132796,0.12499999999910298,0.1250000000008814,2.6694275892365673e-16
96000,0.5,M0,False,0.0,0.0,0.0,-0.0,-0.0,2.6696789614210203e-16
96000,0.5,M1,False,-1.9286549331065743e-15,1.928654933106574e-15,3.857309866213148e-15,0.4999999999999999,0.5000000000000001,2.6696789614210203e-16
96000,0.5,M2,False,-1.9286549331065743e-15,1.928654933106574e-15,3.857309866213148e-15,0.4999999999999999,0.5000000000000001,2.6696789614210203e-16
96000,0.5,M3,False,-300.0,6.020599913279624,306.0205999132796,0.24999999999955652,0.25000000000044476,2.6696789614210203e-16
96000,0.5,M4,False,-300.0,6.020599913279624,306.0205999132796,0.24999999999957603,0.2500000000004135,2.6696789614210203e-16
96000,0.5,D0-frozen-mechanism,False,-300.0,-13.979400086720375,286.0205999132796,0.2499999999995526,0.25000000000044464,2.6696789614210203e-16
96000,1.0,M0,False,0.0,0.0,0.0,-0.0,-0.0,2.6697684443796035e-16
96000,1.0,M1,False,-1.9286549331065743e-15,1.928654933106574e-15,3.857309866213148e-15,0.9999999999999996,1.0000000000000002,2.6697684443796035e-16
96000,1.0,M2,False,-1.9286549331065743e-15,1.928654933106574e-15,3.857309866213148e-15,0.9999999999999996,1.0000000000000002,2.6697684443796035e-16
96000,1.0,M3,False,-300.0,6.020599913279624,306.0205999132796,0.4999999999998505,0.5000000000001446,2.6697684443796035e-16
96000,1.0,M4,False,-300.0,6.020599913279624,306.0205999132796,0.4999999999998373,0.5000000000001755,2.6697684443796035e-16
96000,1.0,D0-frozen-mechanism,False,-300.0,-13.979400086720375,286.0205999132796,0.4999999999997773,0.5000000000002227,2.6697684443796035e-16
96000,2.0,M0,False,0.0,0.0,0.0,-0.0,-0.0,2.6694992992974724e-16
96000,2.0,M1,False,-1.9286549331065743e-15,1.928654933106574e-15,3.857309866213148e-15,1.9999999999999996,2.0000000000000004,2.6694992992974724e-16
96000,2.0,M2,False,-1.9286549331065743e-15,1.928654933106574e-15,3.857309866213148e-15,1.9999999999999996,2.0000000000000004,2.6694992992974724e-16
96000,2.0,M3,False,-300.0,6.020599913279624,306.0205999132796,0.9999999999998899,1.0000000000001108,2.6694992992974724e-16
96000,2.0,M4,False,-300.0,6.020599913279624,306.0205999132796,0.9999999999998881,1.0000000000001117,2.6694992992974724e-16
96000,2.0,D0-frozen-mechanism,False,-300.0,-13.979400086720375,286.0205999132796,0.9999999999998916,1.0000000000001108,2.6694992992974724e-16
96000,5.0,M0,False,0.0,0.0,0.0,-0.0,-0.0,2.669533034141531e-16
96000,5.0,M1,False,-1.9286549331065743e-15,1.928654933106574e-15,3.857309866213148e-15,4.999999999999999,5.000000000000001,2.669533034141531e-16
96000,5.0,M2,False,-1.9286549331065743e-15,1.928654933106574e-15,3.857309866213148e-15,4.999999999999998,5.000000000000001,2.669533034141531e-16
96000,5.0,M3,False,-300.0,6.020599913279624,306.0205999132796,2.4999999999999565,2.5000000000000453,2.669533034141531e-16
96000,5.0,M4,False,-300.0,6.020599913279624,306.0205999132796,2.4999999999999565,2.5000000000000453,2.669533034141531e-16
96000,5.0,D0-frozen-mechanism,False,-300.0,-13.979400086720375,286.0205999132796,2.499999999999956,2.500000000000043,2.669533034141531e-16
