rate,capacity,profile,radius_mm,persistence,mean_us,p95_us,p99_us,worst_us,active_mean,active_peak,event_start_mean_us,event_start_p95_us,eligible,started,steals,drops,output_sum
44100,16,normal-onsets,0.2,0.25,9.3978,13.3,27,85.5,0.003,1,0.0683,0.1,13,13,0,0,-0.587317
44100,16,stress-onsets,0.2,0.25,10.539,11.3,12.6,80.5,0.012,1,0.0535,0.1,54,53,0,0,-0.587494
44100,16,normal-onsets,0.2,4,7.8323,8.3,8.4,19.9,0.044,1,0.0538,0.1,13,13,0,0,-0.0367526
44100,16,stress-onsets,0.2,4,8.878,12.5,15.9,22.2,0.19,1,0.0557,0.1,54,53,0,0,-0.0368638
44100,16,normal-onsets,7,0.25,10.753,12.9,31.9,72,0.303,1,0.0434,0.1,13,13,0,0,-41.8168
44100,16,stress-onsets,7,0.25,9.76,10.7,22.5,87,1.242,2,0.0406,0.1,54,53,0,0,-43.3728
44100,16,normal-onsets,7,4,9.5213,11.3,12.4,23.9,4.342,5,0.0402,0.1,13,13,0,0,-2.47926
44100,16,stress-onsets,7,4,18.0695,21.6,29.6,121.4,14.733,16,0.0423,0.1,54,53,37,0,-6.43626
44100,32,normal-onsets,0.2,0.25,12.1187,17.6,47.3,192.4,0.003,1,0.0602,0.1,13,13,0,0,-0.587317
44100,32,stress-onsets,0.2,0.25,10.0279,10.5,11.2,58.2,0.012,1,0.0483,0.1,54,53,0,0,-0.587494
44100,32,normal-onsets,0.2,4,10.6396,11.4,29.3,82.7,0.044,1,0.0501,0.1,13,13,0,0,-0.0367526
44100,32,stress-onsets,0.2,4,11.3313,13.8,19.4,109.6,0.19,1,0.058,0.1,54,53,0,0,-0.0368638
44100,32,normal-onsets,7,0.25,11.2662,11.7,22.7,125.8,0.303,1,0.0446,0.1,13,13,0,0,-41.8168
44100,32,stress-onsets,7,0.25,12.0067,12.4,21.9,82.4,1.242,2,0.0447,0.1,54,53,0,0,-43.3728
44100,32,normal-onsets,7,4,13.0975,13.2,26.9,188.2,4.342,5,0.0398,0.1,13,13,0,0,-2.47926
44100,32,stress-onsets,7,4,25.6015,35.9,66.6,197.6,17.58,20,0.0532,0.1,54,53,0,0,0.783687
44100,64,normal-onsets,0.2,0.25,19.0293,18.9,44.8,100.4,0.003,1,0.0631,0.1,13,13,0,0,-0.587317
44100,64,stress-onsets,0.2,0.25,17.6045,18,52.1,147.9,0.012,1,0.0529,0.1,54,53,0,0,-0.587494
44100,64,normal-onsets,0.2,4,17.0428,29.3,37.6,89.3,0.044,1,0.0499,0.1,13,13,0,0,-0.0367526
44100,64,stress-onsets,0.2,4,17.593,27.6,43.6,87.5,0.19,1,0.0558,0.1,54,53,0,0,-0.0368638
44100,64,normal-onsets,7,0.25,16.1053,17,33.8,92.2,0.303,1,0.0425,0.1,13,13,0,0,-41.8168
44100,64,stress-onsets,7,0.25,17.7858,20.8,34.3,126,1.242,2,0.0457,0.1,54,53,0,0,-43.3728
44100,64,normal-onsets,7,4,21.256,26.2,61,125,4.342,5,0.0421,0.1,13,13,0,0,-2.47926
44100,64,stress-onsets,7,4,33.0067,37.6,53.7,135.2,17.58,20,0.065,0.1,54,53,0,0,0.783687
44100,128,normal-onsets,0.2,0.25,38.6379,59.7,92.9,268.4,0.003,1,0.0584,0.1,13,13,0,0,-0.587317
44100,128,stress-onsets,0.2,0.25,34.9781,40.5,64.1,160.1,0.012,1,0.0535,0.1,54,53,0,0,-0.587494
44100,128,normal-onsets,0.2,4,36.476,50.9,78.6,146.1,0.044,1,0.0766,0.1,13,13,0,0,-0.0367526
44100,128,stress-onsets,0.2,4,35.6095,53.3,79.4,120.2,0.19,1,0.0738,0.1,54,53,0,0,-0.0368638
44100,128,normal-onsets,7,0.25,31.4409,35.9,85.5,178.4,0.303,1,0.0399,0.1,13,13,0,0,-41.8168
44100,128,stress-onsets,7,0.25,38.4146,50.6,86.8,270.4,1.242,2,0.0459,0.1,54,53,0,0,-43.3728
44100,128,normal-onsets,7,4,35.5042,37.3,83.1,286.9,4.342,5,0.04,0.1,13,13,0,0,-2.47926
44100,128,stress-onsets,7,4,50.2986,67.4,125.3,286.1,17.58,20,0.0427,0.1,54,53,0,0,0.783687
44100,256,normal-onsets,0.2,0.25,63.6766,69.5,127.2,284.8,0.003,1,0.0535,0.1,13,13,0,0,-0.587317
44100,256,stress-onsets,0.2,0.25,63.3075,65.6,85.4,222.7,0.012,1,0.0533,0.1,54,53,0,0,-0.587494
44100,256,normal-onsets,0.2,4,63.5482,76.9,124.4,338,0.044,1,0.0964,0.1,13,13,0,0,-0.0367526
44100,256,stress-onsets,0.2,4,63.935,75.5,140.4,249,0.19,1,0.0483,0.1,54,53,0,0,-0.0368638
44100,256,normal-onsets,7,0.25,65.9877,90.6,133.8,274.2,0.303,1,0.0477,0.1,13,13,0,0,-41.8168
44100,256,stress-onsets,7,0.25,65.014,70.9,127.4,260.1,1.242,2,0.0482,0.1,54,53,0,0,-43.3728
44100,256,normal-onsets,7,4,70.7971,90,144,246.6,4.342,5,0.0442,0.1,13,13,0,0,-2.47926
44100,256,stress-onsets,7,4,79.2286,90.8,152.6,344.2,17.58,20,0.0461,0.1,54,53,0,0,0.783687
48000,16,normal-onsets,0.2,0.25,9.986,12.1,14.6,506,0.003,1,0.0498,0.1,12,12,0,0,-0.588285
48000,16,stress-onsets,0.2,0.25,8.6151,9.8,15.6,21.7,0.015,1,0.0464,0.1,49,49,0,0,-0.586124
48000,16,normal-onsets,0.2,4,9.489,12.3,21.3,94.9,0.049,1,0.0493,0.1,12,12,0,0,-0.0374212
48000,16,stress-onsets,0.2,4,7.7932,8.3,12.3,19.5,0.194,1,0.3012,0.1,49,49,0,0,-0.0359381
48000,16,normal-onsets,7,0.25,12.0507,13.2,16.1,43.7,0.308,1,0.0589,0.1,12,12,0,0,-49.8385
48000,16,stress-onsets,7,0.25,9.3959,12.6,13.1,21,1.245,2,0.0417,0.1,49,49,0,0,-31.9254
48000,16,normal-onsets,7,4,12.6201,17.8,37.3,86.2,4.276,5,0.0488,0.1,12,12,0,0,-12.7912
48000,16,stress-onsets,7,4,19.1269,20.9,33.2,63.9,14.526,16,0.0698,0.1,49,49,33,0,1.37307
48000,32,normal-onsets,0.2,0.25,9.8861,10.3,10.9,79.9,0.003,1,0.0494,0.1,12,12,0,0,-0.588285
48000,32,stress-onsets,0.2,0.25,10.434,10.5,15.2,248.2,0.015,1,0.049,0.1,49,49,0,0,-0.586124
48000,32,normal-onsets,0.2,4,11.0292,11.4,33.2,117.4,0.049,1,0.0502,0.1,12,12,0,0,-0.0374212
48000,32,stress-onsets,0.2,4,10.4482,10.7,19,150.7,0.194,1,0.0503,0.1,49,49,0,0,-0.0359381
48000,32,normal-onsets,7,0.25,9.6602,10.2,10.8,99.5,0.308,1,0.0394,0.1,12,12,0,0,-49.8385
48000,32,stress-onsets,7,0.25,10.6707,11.5,12.1,76.9,1.245,2,0.0419,0.1,49,49,0,0,-31.9254
48000,32,normal-onsets,7,4,14.1506,14.8,23.3,98.7,4.276,5,0.0458,0.1,12,12,0,0,-12.7912
48000,32,stress-onsets,7,4,26.3581,29.1,76.3,274.9,17.242,20,0.0406,0.1,49,49,0,0,2.77757
48000,64,normal-onsets,0.2,0.25,15.9534,17.3,54.5,169.5,0.003,1,0.0526,0.1,12,12,0,0,-0.588285
48000,64,stress-onsets,0.2,0.25,16.1562,17.8,32.3,95.9,0.015,1,0.0567,0.1,49,49,0,0,-0.586124
48000,64,normal-onsets,0.2,4,18.5991,25.9,58.9,163.7,0.049,1,0.0645,0.1,12,12,0,0,-0.0374212
48000,64,stress-onsets,0.2,4,18.3921,19.4,65.1,222.9,0.194,1,0.0553,0.1,49,49,0,0,-0.0359381
48000,64,normal-onsets,7,0.25,16.4608,16.9,31.2,108.9,0.308,1,0.0439,0.1,12,12,0,0,-49.8385
48000,64,stress-onsets,7,0.25,15.9741,19.3,29.1,104.4,1.245,2,0.0395,0.1,49,49,0,0,-31.9254
48000,64,normal-onsets,7,4,22.0361,26.4,60.3,153.3,4.276,5,0.0462,0.1,12,12,0,0,-12.7912
48000,64,stress-onsets,7,4,32.9498,48.4,100,212.2,17.242,20,0.0475,0.1,49,49,0,0,2.77757
48000,128,normal-onsets,0.2,0.25,34.6374,37.1,76.4,243.3,0.003,1,0.0507,0.1,12,12,0,0,-0.588285
48000,128,stress-onsets,0.2,0.25,35.718,42.2,82.2,198.7,0.015,1,0.0504,0.1,49,49,0,0,-0.586124
48000,128,normal-onsets,0.2,4,32.4524,34.5,77.9,224.3,0.049,1,0.0506,0.1,12,12,0,0,-0.0374212
48000,128,stress-onsets,0.2,4,35.2731,39,93.1,264.5,0.194,1,0.0551,0.1,49,49,0,0,-0.0359381
48000,128,normal-onsets,7,0.25,34.3011,35.3,94.3,226.7,0.308,1,0.0417,0.1,12,12,0,0,-49.8385
48000,128,stress-onsets,7,0.25,36.4905,41.3,83.1,191.6,1.245,2,0.045,0.1,49,49,0,0,-31.9254
48000,128,normal-onsets,7,4,36.5596,42.3,97.8,228.2,4.276,5,0.0411,0.1,12,12,0,0,-12.7912
48000,128,stress-onsets,7,4,46.6696,57.5,96.2,196.6,17.242,20,0.0405,0.1,49,49,0,0,2.77757
48000,256,normal-onsets,0.2,0.25,63.4981,71.4,142.7,219.2,0.003,1,0.0481,0.1,12,12,0,0,-0.588285
48000,256,stress-onsets,0.2,0.25,63.9246,70.3,133,256.4,0.015,1,0.0506,0.1,49,49,0,0,-0.586124
48000,256,normal-onsets,0.2,4,65.3485,71.7,134.1,344,0.049,1,0.0549,0.1,12,12,0,0,-0.0374212
48000,256,stress-onsets,0.2,4,64.2386,68.9,120.6,269.6,0.194,1,0.0499,0.1,49,49,0,0,-0.0359381
48000,256,normal-onsets,7,0.25,61.8187,67.8,116.5,256.4,0.308,1,0.0447,0.1,12,12,0,0,-49.8385
48000,256,stress-onsets,7,0.25,65.677,69.5,136.9,253.2,1.245,2,0.0421,0.1,49,49,0,0,-31.9254
48000,256,normal-onsets,7,4,69.2192,74.5,141.1,266.1,4.276,5,0.0413,0.1,12,12,0,0,-12.7912
48000,256,stress-onsets,7,4,75.4943,86.9,169.6,379.9,17.242,20,0.0398,0.1,49,49,0,0,2.77757
96000,16,normal-onsets,0.2,0.25,8.6453,9.6,23.9,78.6,0.002,1,0.0456,0.1,6,6,0,0,-0.585304
96000,16,stress-onsets,0.2,0.25,8.8894,9.4,15.6,82.9,0.015,1,0.0496,0.1,25,25,0,0,-0.584774
96000,16,normal-onsets,0.2,4,8.633,9.2,9.5,19,0.044,1,0.05,0.1,6,6,0,0,-0.0350092
96000,16,stress-onsets,0.2,4,9.9008,10.1,20.4,236.6,0.191,1,0.0471,0.1,25,25,0,0,-0.0348586
96000,16,normal-onsets,7,0.25,8.7982,9.5,25,143.5,0.28,1,0.0399,0.1,6,6,0,0,-27.6084
96000,16,stress-onsets,7,0.25,8.347,9.1,9.3,20.9,1.24,2,0.0438,0.1,25,25,0,0,-33.484
96000,16,normal-onsets,7,4,10.8694,11.8,23.9,248.9,3.402,5,0.0414,0.1,6,6,0,0,11.2333
96000,16,stress-onsets,7,4,16.1019,18.5,30,285.6,11.782,16,0.0494,0.1,25,24,9,0,5.77002
96000,32,normal-onsets,0.2,0.25,10.3511,10.9,18.7,102.5,0.002,1,0.05,0.1,6,6,0,0,-0.585304
96000,32,stress-onsets,0.2,0.25,9.907,10.5,17.2,58,0.015,1,0.0492,0.1,25,25,0,0,-0.584774
96000,32,normal-onsets,0.2,4,9.7704,10.7,21.3,198,0.044,1,0.0487,0.1,6,6,0,0,-0.0350092
96000,32,stress-onsets,0.2,4,9.9944,11,11.6,153.7,0.191,1,0.0487,0.1,25,25,0,0,-0.0348586
96000,32,normal-onsets,7,0.25,10.6525,11,17,190.7,0.28,1,0.0422,0.1,6,6,0,0,-27.6084
96000,32,stress-onsets,7,0.25,11.3814,12.2,31.4,97.1,1.24,2,0.0411,0.1,25,25,0,0,-33.484
96000,32,normal-onsets,7,4,13.7672,15.6,21.4,85,3.402,5,0.0444,0.1,6,6,0,0,11.2333
96000,32,stress-onsets,7,4,19.9056,25.6,36.7,94.1,12.93,20,0.042,0.1,25,25,0,0,-7.1841
96000,64,normal-onsets,0.2,0.25,17.0332,19.1,31.7,153.9,0.002,1,0.0538,0.1,6,6,0,0,-0.585304
96000,64,stress-onsets,0.2,0.25,17.1529,17.3,36.3,106.9,0.015,1,0.0525,0.1,25,25,0,0,-0.584774
96000,64,normal-onsets,0.2,4,16.8454,17.6,29.2,174,0.044,1,0.0532,0.1,6,6,0,0,-0.0350092
96000,64,stress-onsets,0.2,4,15.9936,16.5,30.1,82.6,0.191,1,0.0516,0.1,25,25,0,0,-0.0348586
96000,64,normal-onsets,7,0.25,16.5277,17.3,55.7,161.3,0.28,1,0.0431,0.1,6,6,0,0,-27.6084
96000,64,stress-onsets,7,0.25,15.7031,16.7,26.8,76.1,1.24,2,0.0435,0.1,25,25,0,0,-33.484
96000,64,normal-onsets,7,4,18.4649,21.1,54.5,105.9,3.402,5,0.0391,0.1,6,6,0,0,11.2333
96000,64,stress-onsets,7,4,30.9422,46.5,77.5,152,12.93,20,0.0442,0.1,25,25,0,0,-7.1841
96000,128,normal-onsets,0.2,0.25,34.2955,35.3,81.3,109.3,0.002,1,0.0501,0.1,6,6,0,0,-0.585304
96000,128,stress-onsets,0.2,0.25,35.1595,38.7,92.9,229.9,0.015,1,0.0527,0.1,25,25,0,0,-0.584774
96000,128,normal-onsets,0.2,4,32.5346,35.7,72.3,227.1,0.044,1,0.0477,0.1,6,6,0,0,-0.0350092
96000,128,stress-onsets,0.2,4,33.1638,36.8,84,217.5,0.191,1,0.0539,0.1,25,25,0,0,-0.0348586
96000,128,normal-onsets,7,0.25,30.9419,35.3,68.6,120.5,0.28,1,0.0471,0.1,6,6,0,0,-27.6084
96000,128,stress-onsets,7,0.25,34.59,36.1,84.2,263.4,1.24,2,0.0499,0.1,25,25,0,0,-33.484
96000,128,normal-onsets,7,4,35.2271,36.1,77.7,190.8,3.402,5,0.0407,0.1,6,6,0,0,11.2333
96000,128,stress-onsets,7,4,46.3241,54.6,106.2,255.4,12.93,20,0.047,0.1,25,25,0,0,-7.1841
96000,256,normal-onsets,0.2,0.25,62.3047,68.5,121,165.7,0.002,1,0.0529,0.1,6,6,0,0,-0.585304
96000,256,stress-onsets,0.2,0.25,64.3884,77.1,138.3,271.6,0.015,1,0.0529,0.1,25,25,0,0,-0.584774
96000,256,normal-onsets,0.2,4,65.0324,75.9,131.4,348,0.044,1,0.0516,0.1,6,6,0,0,-0.0350092
96000,256,stress-onsets,0.2,4,64.4775,75,135.7,199.3,0.191,1,0.0537,0.1,25,25,0,0,-0.0348586
96000,256,normal-onsets,7,0.25,65.0012,69.1,122.1,227.6,0.28,1,0.0472,0.1,6,6,0,0,-27.6084
96000,256,stress-onsets,7,0.25,65.9011,72.3,125.7,344.4,1.24,2,0.0438,0.1,25,25,0,0,-33.484
96000,256,normal-onsets,7,4,65.8239,94.9,143.7,444.4,3.402,5,0.0505,0.1,6,6,0,0,11.2333
96000,256,stress-onsets,7,4,73.5319,93.2,136.9,251.8,12.93,20,0.0396,0.1,25,25,0,0,-7.1841
